econ_index,econ_index_se,f_gdp,f_gdp_se,f_potus,f_potus_se
-0.21639007999999998,0.06609863756875556,1.6695929500000002,0.28092576514351475,-0.00982031525,0.017834844210786294
-0.22428649,0.06339549108618352,1.6288281,0.2688751592300487,-0.011868568,0.018201348520949092
-0.23158205999999998,0.06352752061178994,1.61305535,0.2783593530763927,-0.0113321315,0.017932781722418148
-0.2448867,0.08900273668934366,1.5242442999999999,0.39919780384714837,-0.013956350499999999,0.020463512575631143
-0.24769479,0.05714012199269659,1.5118140000000002,0.27956308547579933,-0.015033416,0.01792604019500435
-0.26011053500000003,0.053814621330796106,1.4732026,0.25807590464384444,-0.015694060000000003,0.017532658826632734
-0.27497164,0.057686850600724586,1.39657735,0.275117707807678,-0.0192231065,0.01914871115668953
-0.306190155,0.060474627170162894,1.25149625,0.2941793378348004,-0.023011761,0.01924272518826986
-0.361760525,0.08307316437886322,0.99747759,0.37375218804100135,-0.0323669095,0.02122719125302311
-0.399626785,0.07782125722641343,0.8488969,0.35691040940379476,-0.0364306945,0.02168744249753606
-0.42695804000000004,0.07894680475393316,0.7268544,0.3681254586109743,-0.038624872000000005,0.022708093400406942
-0.46721963499999997,0.08069100053147507,0.5505997549999999,0.38234295088296605,-0.0450004695,0.022877062764042964
-0.509517425,0.09222375366891149,0.33219944,0.4115951434774147,-0.0500228605,0.025120259704513058
-0.53540118,0.059412460319955715,0.24085805,0.2753886216721728,-0.055375469999999996,0.023829778661413985
-0.56121369,0.07235542225249576,0.131227965,0.32030038037763403,-0.0594018485,0.02516826045823996
-0.58368434,0.08083222910235814,0.025379196,0.3507705636711863,-0.0619955945,0.025437327668187983
-0.604352155,0.10539776341746394,-0.0441064165,0.4487136202994831,-0.0641633905,0.027326944092597814
-0.65154925,0.07647506373330067,-0.24806026,0.34864621532168,-0.0737704,0.02790544841522542
-0.68505351,0.07044854936841163,-0.38853395,0.3230666845702922,-0.07614708849999999,0.028737444445432084
-0.702288775,0.06612876437555024,-0.464555725,0.31047842812422427,-0.08012449699999999,0.02941705239895317
-0.7245640250000001,0.06831979174705949,-0.560355155,0.30765935706825787,-0.0827620845,0.03037895264076461
-0.75298273,0.06555188395008088,-0.70387909,0.3087987308832316,-0.08671760649999999,0.0303246682511094
-0.7836651450000001,0.06341982500160107,-0.82359492,0.31755646861224146,-0.091738534,0.031894722567712724
-0.8012862199999999,0.059276153973943736,-0.87335137,0.28572181129762286,-0.094129886,0.03097605059449921
-0.810361425,0.06194689381995896,-0.92842234,0.2903316008032551,-0.0962801305,0.03160227640544822
-0.8152748999999999,0.06763577839359503,-0.959544725,0.2961900849818521,-0.09648232600000001,0.032724813575947774
-0.831356405,0.06152023365627073,-0.998046685,0.2723677997270214,-0.098706623,0.03185683333774646
-0.8254800149999999,0.06970911649721595,-0.993452075,0.30309698218660724,-0.09837520699999999,0.03238863240102506
-0.8215184950000001,0.06470789588123814,-1.0035962999999999,0.28313383419545596,-0.098177805,0.03271012163740477
-0.81338535,0.06340426628976398,-0.9487468649999999,0.2770904590747826,-0.095598429,0.032207617740230524
-0.81326129,0.06398973068644973,-0.95500618,0.27893204833720403,-0.09703870149999999,0.03234235890765164
-0.8060416100000001,0.05890010460630924,-0.9090541350000001,0.2709594538954289,-0.094493561,0.0317076217206623
-0.78986581,0.06396185811129201,-0.8396507,0.2969764910649727,-0.0913592505,0.03135517833794101
-0.7817372,0.05562913592459033,-0.8087967300000001,0.27436685876063865,-0.0910773305,0.03100281372133253
-0.75870215,0.056480448802917166,-0.702699315,0.2816544270199558,-0.0867641185,0.030531471649918377
-0.717393995,0.06134942146413715,-0.54158108,0.29715220758619,-0.08136438,0.030235499076793775
-0.6685039850000001,0.06475356849751716,-0.337174515,0.2911621319701245,-0.07474682299999999,0.02869133489552391
-0.6369453300000001,0.0659127155373294,-0.19048195,0.2899937028894244,-0.0703024055,0.027423790755651704
-0.5978657249999999,0.07692584955135709,-0.016810686499999998,0.3411111527363329,-0.063312903,0.026542174178007503
-0.55426661,0.06704222336580677,0.16318282,0.30370260533081467,-0.0590731655,0.025124665496849198
-0.50953704,0.061498702869697754,0.36150419,0.28294347889296667,-0.0522808455,0.02395761497251171
-0.46629079,0.06150851307494998,0.536946675,0.27643411968995524,-0.046320784500000003,0.022797810640612738
-0.424888205,0.08018129523634518,0.734034835,0.38442520756123716,-0.039819717000000004,0.02397280232562881
-0.374856995,0.058594755493503126,0.96273236,0.28018960952253114,-0.0324773135,0.020100999038724268
-0.33955696999999996,0.057797470916017904,1.0933636,0.2716147219236642,-0.0288767815,0.019009697805085327
-0.311136515,0.06751531141674202,1.24062975,0.3034569778004439,-0.023052423500000002,0.0192821823799893
-0.27672802,0.05463288480880148,1.38494625,0.2679294570488041,-0.019512313,0.018373899284818872
-0.245890985,0.05425660144885468,1.5284895,0.26763503283254314,-0.0143915365,0.01796122759993896
-0.22454737,0.05341413543361293,1.63685955,0.24774879773168018,-0.011193221,0.017610904942292224
-0.20994121,0.06353662296385978,1.7104667,0.2886267888204427,-0.007803999900000001,0.0176990219661119
-0.18672042,0.07269967523467524,1.8064605,0.320233464050523,-0.0044646111,0.018425483995461577
-0.17209882999999998,0.08899886935967609,1.86514185,0.39062951474815466,-0.0024228595,0.019445101602454003
-0.15737924,0.05383541586224062,1.9348344499999999,0.245363955772097,-0.0011091396,0.017066850206571747
-0.152438195,0.05652726699409019,1.9696817000000002,0.2750428740852039,-1.9055852499999998e-4,0.0174879274142017
-0.14534775,0.05722272307540166,1.98314075,0.26010599127134115,8.540641e-4,0.01783117470938107
-0.128887075,0.053506197475302844,2.0503848,0.2545154860109495,0.0023359953,0.017515135702654016
-0.12083958,0.05346507450938584,2.09985325,0.2627110223633384,0.00448732445,0.017506182602087517
-0.131440585,0.04864220507311018,2.0406940999999996,0.22800717798250555,0.0018978903,0.016552263535955132
-0.141410745,0.054135726941444376,1.9924008500000001,0.24589953293808947,9.10208495e-4,0.0163644839738468
-0.13576350999999998,0.053599316900739435,2.040695,0.25003850151859774,0.00192631135,0.016628102999704783
-0.131062455,0.04783430926445271,2.07119345,0.21542186472147223,0.00246080615,0.016682773200240097
-0.127633955,0.044411312269959514,2.0684864000000003,0.20565415691785965,0.0025755070000000003,0.01657613946683805
-0.11612587499999999,0.04595414543063085,2.1191008,0.22535487637956386,0.00435430895,0.01675292656795328
-0.109406635,0.04618607918871799,2.1617381,0.23045783224154118,0.005893056549999999,0.01672048243081859
-0.08361476300000001,0.06791854007910708,2.2703736,0.326066292310208,0.0095146221,0.01815879012278116
-0.0798294095,0.051566491434775534,2.2947677000000004,0.24273946844048253,0.00947487135,0.017429457367240702
-0.073528401,0.050606465605338276,2.3114052,0.23541030442801153,0.00988581985,0.016435068608598107
-0.066613601,0.05411563764029904,2.3488079,0.26111283531797475,0.011206760999999999,0.016829745049035873
-0.058034836,0.049004512932286845,2.38980425,0.22305716005362064,0.011964760000000001,0.01586812077384765
-0.036000080000000004,0.0449656717308873,2.5003195,0.2220204057342345,0.0155393895,0.015881974884580635
-0.015662673000000002,0.056244154860216326,2.58716205,0.270138792108146,0.018973456,0.01634959187239088
-0.013140006,0.048483987767765045,2.6120334,0.23030703107214154,0.019185919,0.015679425031796833
4.59664285e-4,0.04996389197049117,2.67394555,0.2229533941305804,0.0215449125,0.016084756097389127
0.011013113500000001,0.049293666263026524,2.72890625,0.22738523666978225,0.023255921,0.016382330417582733
0.016763667500000003,0.05090968644799687,2.7515114499999997,0.22931868015167622,0.0236244435,0.01614300715110704
0.026739955000000003,0.05658566937534061,2.78939045,0.2521234302799191,0.025033374,0.016981072242168917
0.049367334,0.05215375829454162,2.8823258000000003,0.2475605377670021,0.0272441565,0.016539170880984107
0.057684016500000004,0.06824789710569612,2.92532745,0.3226198836923868,0.028708349,0.017774874833332586
0.0838241405,0.05011663186531221,3.0552559500000003,0.24686974018905658,0.0330315385,0.016707451547185063
0.081175271,0.05097508645265245,3.05027705,0.23612501396158017,0.031823756499999994,0.016482129668389005
0.0875054105,0.05506813313271194,3.0881517,0.2532487651393694,0.033152877,0.016509796214747557
0.09653223699999999,0.04856023961083372,3.1145924000000003,0.23833649388415268,0.0341566075,0.017221286997308013
0.09312181150000001,0.050735134150304124,3.12121435,0.24338989524595378,0.0345415025,0.01746410234405001
0.086695286,0.04812247063561126,3.0835277999999997,0.2454394801087758,0.033160049,0.017081240967100206
0.09780739199999999,0.05253645675338889,3.1308936000000003,0.27448980936681633,0.0342686925,0.01739784780681512
0.0910165675,0.05855334645075678,3.0873679,0.29879814178258013,0.033766196,0.01822887817903581
0.083663758,0.08419802139914784,3.05990545,0.4175739368654237,0.032379897000000005,0.020442425316468456
0.07444948,0.059023145733293356,3.028199,0.3015657479518827,0.032389693,0.017631748321220768
0.073098684,0.0629042264553024,3.0089812,0.3185184593010179,0.0307531115,0.01799765282799769
0.0429819325,0.06315036086184407,2.8557812,0.3118912366437255,0.026250094,0.017348890516629654
-0.0326478955,0.14899858043970202,2.4900543500000003,0.6924024526061137,0.0146904665,0.025110644007290225
-0.0387146775,0.07133941634550438,2.4954702500000003,0.3367073455919233,0.015189193,0.018398767083467236
-0.048278996000000005,0.06011204177825767,2.4334586,0.29340360426658746,0.013918308,0.0172033891336165
-0.0633620565,0.050890744100611396,2.3636404,0.2558387700903402,0.012458252999999999,0.01617670295224291
-0.09025323,0.05744256967026034,2.23942255,0.29697003480508405,0.00790562715,0.01714595937830967
-0.144677105,0.0712523663966947,1.9929588,0.33932484689463,6.63427735e-4,0.018302397299657824
-0.18519027500000002,0.07185971209690631,1.81094595,0.33339066400928574,-0.0055367306,0.01834963690022266
-0.21415978,0.07024089590588864,1.6750889,0.3344948034213154,-0.00892774455,0.01827821853597945
-0.24987241999999998,0.0708207219796919,1.5202685,0.33787974267000653,-0.0153336835,0.019757053523342567
-0.30729675,0.08662320770406978,1.2544526999999999,0.4143106333203901,-0.023679916,0.021096461000903455
-0.340225,0.07170657589547196,1.096397,0.3307764690230187,-0.028213061499999997,0.02037333089241683
-0.39121625000000004,0.07179540750378062,0.88565949,0.32485540420877745,-0.034365786999999995,0.021168687634001013
-0.41781716,0.06853925686560314,0.74939725,0.3095940268873386,-0.0380208685,0.021777047368698205
-0.45422443,0.08309140674021256,0.5895279,0.381414591973961,-0.0450082255,0.02267646958960654
-0.49730262000000003,0.06086674790044359,0.40350742500000003,0.2835151091029755,-0.050100301,0.023172004082793067
-0.48853899,0.05830467424430771,0.42464663,0.27404800136419966,-0.049299502,0.02280038172143957
-0.497244615,0.05478456518081281,0.39358203,0.26924336366732865,-0.050933989,0.022663762676083526
-0.49812401,0.05016586787541312,0.39601415,0.25055128013482036,-0.05182035,0.0234105258104229
-0.503054205,0.05916275484282866,0.376163435,0.278945335848057,-0.0521660525,0.024137497507180382
-0.5123188350000001,0.06659060653444623,0.34270623,0.31309593802685187,-0.052242935000000004,0.024419690678685425
-0.5332009449999999,0.060405214073601846,0.2357241,0.2844885302012463,-0.0554066275,0.024933258712694636
-0.562683585,0.06281382896854949,0.12529747,0.28979826550247967,-0.059364654,0.025771709428624865
-0.596264135,0.06591821039253545,-0.010368667500000001,0.2880615482321469,-0.0638110415,0.026511100559275903
-0.607939375,0.06550575164176514,-0.06391715749999999,0.2900090886734274,-0.0650909865,0.02662678320097025
-0.6248708000000001,0.08217786419820355,-0.12558175,0.37866151083577465,-0.0662164345,0.02771219542204739
-0.64830968,0.05532011983637767,-0.24563698499999997,0.2752708418747055,-0.07234124950000001,0.02714654443388018
-0.6639681150000001,0.06405251605584393,-0.31035841500000005,0.31294474643707954,-0.07435900549999999,0.027631865196462976
-0.66941272,0.04844633822271704,-0.34396502,0.24765819303875755,-0.0752189795,0.027500967008938212
-0.67238186,0.05048738000567079,-0.35489061,0.2627006409882726,-0.0759239105,0.027472166453511658
-0.665448955,0.05003154348314784,-0.31305399,0.2531963914404779,-0.0737885505,0.02737344508365895
-0.67325105,0.05608156182749588,-0.33974513,0.26506586385475395,-0.074233776,0.027619325217713875
-0.66932618,0.05784185892410334,-0.32550341,0.2651292580276172,-0.074827876,0.027483929246517623
-0.66752417,0.06352644771869824,-0.321779875,0.27693217851198115,-0.07376435149999999,0.027424362874496778
-0.664903955,0.053627304520574466,-0.31115342,0.24529038692358665,-0.07429183950000001,0.027106446084712646
-0.662890925,0.04922111382911363,-0.31871742000000003,0.21425421321568872,-0.07472469949999999,0.027260592409060924
-0.6573738,0.056354945248905795,-0.291183825,0.2538029104513167,-0.0742920125,0.027710007526725106
-0.6655266900000001,0.045396992280099725,-0.300218015,0.21026333808580336,-0.07393567200000001,0.02709313709249351
-0.6678890900000001,0.05294649465637145,-0.31999245,0.24849893852563407,-0.074740079,0.02771157638265539
-0.673775735,0.0548525049484833,-0.37229826,0.27451318678194897,-0.0765424495,0.02838431629553225
-0.6854368799999999,0.08213627994554028,-0.39973706,0.38018050468750647,-0.0786236895,0.02990574318051038
-0.72027492,0.06044563894779678,-0.5318100450000001,0.2885334644298972,-0.082818912,0.029200635749121295
-0.71925086,0.06065033202008336,-0.53551624,0.2876754505302064,-0.0819974125,0.029426769481378245
-0.7307630300000001,0.06000099383504068,-0.581558805,0.2784456510549662,-0.0824585505,0.029398002823996936
-0.7455974400000001,0.06189705461945234,-0.64425714,0.27561084994787954,-0.086155415,0.030566545281618084
-0.75167022000000006,0.062148101121913456,-0.6912352399999999,0.27927439442657814,-0.0873058545,0.031003792394023358
-0.759807645,0.05533192880257554,-0.734496805,0.25643108368805345,-0.088166213,0.031165447854875537
-0.76381018,0.051919689232112806,-0.73959163000000006,0.2530564379588409,-0.0889593575,0.03062943350054382
-0.7737367850000001,0.05806283956400024,-0.766690785,0.261983703295762,-0.0907578765,0.031751020736581564
-0.77315785,0.08375750440367401,-0.76486645,0.37993164387726736,-0.0903774605,0.03226358014776263
-0.786494815,0.056959841067784164,-0.82893311,0.27642669219073107,-0.09204656850000001,0.03165871546827259
-0.78494444,0.0644835740380487,-0.81537834,0.2976460070778168,-0.092282369,0.03195805491121192
-0.79158403,0.059752654530769216,-0.852728925,0.2750571564223269,-0.0924172615,0.03158139789996756
-0.7916285249999999,0.06465784460311995,-0.8405208900000001,0.2995687320395395,-0.092374631,0.03180475431835997
-0.79779659,0.04941937153346469,-0.87644671,0.25923185727667764,-0.09356247849999999,0.031880107374695335
-0.779703245,0.05331781457362782,-0.8095075599999999,0.2577423994874639,-0.091284472,0.030985679698736588
-0.768932155,0.05138563265711412,-0.75283379,0.2531677536599914,-0.089582949,0.030741064829728774
-0.741901105,0.05145978819586633,-0.652790955,0.26069376336228794,-0.08511174099999999,0.029818345519722504
-0.724579435,0.06117905688988743,-0.56001765,0.30035753564356854,-0.08216784299999999,0.03001261948579577
-0.7178775900000001,0.07184965204947517,-0.548477485,0.3470139868664961,-0.081363798,0.030846326494807123
-0.71282598,0.061831576735987714,-0.518171265,0.29286903109460477,-0.081031546,0.029661565255505243
-0.69308919,0.06331312322065394,-0.42709071,0.2986506374807879,-0.078408744,0.029459256934177266
-0.6830864400000001,0.07597802738434943,-0.378638305,0.3539904649636931,-0.07784098049999999,0.02920469762948143
-0.6771200049999999,0.058988284516206316,-0.36627285,0.29172250278268225,-0.0756747995,0.02817015099809701
-0.6626091000000001,0.060537118556665846,-0.306755235,0.29295856568065354,-0.0737076875,0.028379534264882343
-0.63577113,0.05731220399638618,-0.19608555,0.3001918136522455,-0.070863919,0.027032568034024304
-0.6042125549999999,0.06263552292280011,-0.058239633,0.30283276441122786,-0.06450271199999999,0.026788317077037455
-0.56752907,0.05126809431635703,0.10446165499999999,0.24251036288293368,-0.060463472000000004,0.024566516822949046
-0.5459204449999999,0.04595875525298036,0.19261877500000002,0.22534187060295766,-0.057534727,0.02399301149764921
-0.527594035,0.04200172758463883,0.267243115,0.22763315204802032,-0.0550269995,0.023879226598120754
-0.5177442999999999,0.04551395549419301,0.311704655,0.24015582353998013,-0.053416310499999994,0.023532779995330017
-0.5027732,0.04551375212483251,0.38915111,0.2260390776685713,-0.051613415499999996,0.023213008556976802
-0.502894155,0.04693111716519689,0.38896955,0.23126072938847642,-0.051020476,0.022948322311000628
-0.475194315,0.051775682759040126,0.5117138,0.24949683931321961,-0.046936005,0.02310352119430674
-0.449247665,0.06097606310082692,0.60530509,0.2689885173850554,-0.0435122815,0.022147988496000404
-0.43384851,0.11388725454621194,0.682767685,0.483995980750625,-0.037709356,0.02583178100856746
-0.437951285,0.062572111657085,0.688516575,0.2741652933513482,-0.039744626000000005,0.021790078593588034
-0.42097253,0.05810195901954209,0.75041918,0.26150365506937334,-0.0382593865,0.021410881919297194
-0.40175215,0.051577569298275096,0.84635046,0.24289205574343972,-0.0361745,0.02092706557047861
-0.38385075,0.0632268516743473,0.92491029,0.290667426659757,-0.033345828,0.020680193223049342
-0.35597618,0.06087859495732284,1.0437197,0.25384086920108334,-0.029835329,0.02011428034959472
-0.36343268500000003,0.05482721151400542,0.9915455049999999,0.22904352890306315,-0.031528439000000005,0.020582749247756937
-0.34887002,0.0531640581262861,1.0751528000000001,0.2501775004491466,-0.029152711499999998,0.019861192230167336
-0.31452109,0.06292045533206597,1.2062094,0.3089318109707791,-0.024522468999999998,0.02034708946160935
-0.25850442,0.060432419336310994,1.47583275,0.2885358673073076,-0.0161911655,0.0192195327223469
-0.24289554000000002,0.0634491864551247,1.5361503,0.3088196806284357,-0.013506035999999999,0.018419973575550936
-0.21739528,0.06161733304511455,1.6690208,0.3064563347383554,-0.010146689,0.01778296285097331
-0.18911938,0.06866904442346274,1.81146475,0.32355955590891106,-0.0060605358,0.017740876831635114
-0.15157419,0.07619090897895256,1.9688298,0.36277037100144816,-2.5755423500000004e-4,0.017746854663204626
-0.13759348500000002,0.0715119225420393,2.04281185,0.3347575864769188,0.0013879685499999998,0.017806467363156494
-0.113217015,0.06724143400894138,2.13022925,0.31283922279733284,0.00510701485,0.017179361250973444
-0.08864966599999999,0.07267968120624788,2.26899785,0.3342952154876323,0.0094506555,0.017418014059000692
-0.0337136555,0.0700253237083666,2.50604385,0.33288988860556284,0.0169766445,0.017443584894429126
0.062045627,0.07843538710964895,2.98094335,0.37848171702408406,0.030308689,0.019040738018815905
0.050736477,0.06627295072789885,2.9245377,0.31611598515257955,0.028366839999999997,0.018519407669199465
0.059817945,0.06441154268089497,2.9565668499999997,0.3048014354310813,0.028805156,0.01822564657598367
0.079869742,0.0706009058099393,3.05518475,0.3343527696392652,0.0317098575,0.018873441527373115
0.0991153375,0.06870660824768597,3.1410453,0.3242983271801645,0.035732070500000004,0.018944068279455308
0.123496205,0.06539920143693037,3.2511107,0.32825219255765237,0.0389650555,0.01919844064720953
0.14306786500000002,0.0739607122658858,3.3280072,0.37822294460384737,0.0411979685,0.020348534094942708
0.188797365,0.08454942930673233,3.56344195,0.42088491558999186,0.048709101000000005,0.021651238408956528
0.2145889,0.10073389186900737,3.6951035,0.5012412817648169,0.053615635499999995,0.023170753752157186
0.265440585,0.09810918548291025,3.9468884,0.5014228529261868,0.059774216000000005,0.02384638299217662
0.30788050499999997,0.08504941831102114,4.15802105,0.4413219601697331,0.06627175299999999,0.023249686630336698
0.35660157,0.07980138850639151,4.3976286,0.3986892667768097,0.0731697835,0.023157046545340513
0.414463925,0.08595757279493949,4.69967185,0.4480022664276674,0.081859282,0.024629399440712504
0.5402860700000001,0.07879792959415013,5.3104794,0.42838108804365094,0.098630704,0.027620902735052334
0.541400565,0.0774686882443321,5.27955185,0.40688349667849427,0.09862588650000001,0.02763357605046443
0.563242675,0.07293424099517402,5.3960586,0.38611187942084896,0.10139511,0.027958583682579752
0.587814315,0.07597411697433093,5.5429341,0.39568455881787473,0.10443292500000001,0.028596773059719888
0.60187099,0.0799834355684902,5.6050549,0.4069463698341819,0.10666827,0.029297481726820434
0.62252062,0.059770891477494176,5.70834505,0.34166590317680506,0.11154691,0.029297789435263785
0.644781285,0.07208930136651988,5.8198136,0.4048345410509762,0.11340293500000001,0.030353073040451345
0.667956555,0.07757349085753838,5.92608165,0.4578228770173767,0.117763705,0.031533281005785986
0.7052583349999999,0.09041274376385783,6.1142309,0.4991708179817254,0.12132222000000001,0.0329972428028852
0.7281070199999999,0.07340535526468474,6.251744,0.40807036796832846,0.12430835500000001,0.03303000460548744
0.74342436,0.07877918289723539,6.32413885,0.42071815082267516,0.12666261,0.03342219990575429
0.75069445,0.06159170201191868,6.37699435,0.3659871276526454,0.129499175,0.032977122604540374
0.778813085,0.07042693179406875,6.55307905,0.45342316065240423,0.1323509,0.03448449931348351
0.816541575,0.056392547427732295,6.72669815,0.39487271138104846,0.13840711,0.034618609456227856
0.82554669,0.05032171090983723,6.7775057,0.38965198908959403,0.14103536,0.03461226864754316
0.831442455,0.059754214982406934,6.7986322,0.41868574512946416,0.140753815,0.03540460023282318
0.8527933,0.061762021625895155,6.931167650000001,0.4067463133880025,0.143874625,0.0356786391776226
0.8585222,0.08273387737808696,6.9619085,0.5268895568362849,0.144914225,0.03668838669171822
0.87236041,0.07316265750228804,7.0785143,0.4627165466517776,0.14739873,0.0368789166632008
0.886885135,0.06926089690240461,7.13888025,0.439791233087658,0.15021978000000002,0.03720549520699841
0.901401225,0.06382523165538198,7.19256945,0.41882243108225803,0.151812485,0.03755455830879974
0.92532311,0.06321070076602021,7.2992159,0.4211331134133622,0.15523046499999998,0.03834645817720644
0.928474005,0.06902881704444593,7.3613811,0.4293703573366651,0.15589461,0.0389139190111037
0.939810295,0.06341119316735516,7.3512706,0.4461640738074205,0.15523122,0.03799017631521319
0.950760345,0.05179129141272504,7.4238254999999995,0.43361142891960885,0.15785419,0.03866964968468963
0.95315981,0.05352942041798917,7.461668749999999,0.3941687296124122,0.158617545,0.03929438436650873
0.94210432,0.04901694869008582,7.41732895,0.4320919171656808,0.15699579,0.03894923420894065
0.9321747,0.05228396225335424,7.3400646,0.41922641640804365,0.15788252000000003,0.03914741830987805
0.9211618850000001,0.05005335845742912,7.2883516,0.402734787216113,0.154407175,0.03831462998717266
0.907937515,0.05737989136200083,7.254440150000001,0.4209669191411664,0.153135375,0.03837712384575612
0.894208985,0.06474644565453752,7.15660465,0.4498434989311549,0.15090741000000002,0.0380508454816001
0.888603145,0.05237461815759831,7.1199048000000005,0.3996042157593691,0.149519475,0.037430991734477614
0.86657407,0.05059883473150398,6.9853594,0.347154875477249,0.14705743500000001,0.03661849207256623
0.857056775,0.05535749258792912,6.955665,0.3428295666758982,0.1462641,0.03592548035831107
0.844887415,0.07808641068520202,6.89849215,0.4222415813609606,0.14374988,0.03671189080245687
0.8305164899999999,0.06161775165094764,6.84749075,0.3514313561077313,0.142686215,0.03564219026760767
0.8144815400000001,0.055623726392814606,6.744806199999999,0.33249834307704185,0.139405255,0.034699931620309085
0.8040835500000001,0.05115252024857515,6.65811815,0.31600047278724624,0.13729246,0.03476850126663354
0.780595485,0.047807739412415166,6.5557219,0.29754201521895096,0.13472628,0.033238042368159554
0.77082613,0.047140776426890664,6.5097919,0.29530985605032967,0.13258859,0.03301858839199676
0.745436435,0.044889629746724696,6.3530552,0.2852108744052835,0.128595905,0.03222413123777053
0.72864297,0.051737349956917075,6.26912045,0.32564833657874903,0.12676966,0.03209331973590659
0.70369236,0.05385811349597212,6.1429376,0.32103022553573257,0.123644585,0.0316022122662208
0.67795348,0.07902116365403228,5.9960345,0.4668002570146991,0.1177249,0.031701565610122356
0.673395645,0.06327936352681135,5.99126445,0.3653189181469279,0.11858279999999999,0.030645858154874098
0.6755673449999999,0.057374286579427655,5.98847235,0.3393628786044122,0.11880554500000001,0.030182838300494744
0.6664318499999999,0.055586777491871096,5.95249465,0.3249740032443554,0.118010615,0.02977381229617914
0.6537637700000001,0.06062447201584232,5.9096537,0.3300896193120316,0.116743595,0.030003107893987867
0.64167878,0.05840022230073083,5.8380758,0.3470591018513739,0.11428222,0.02953797892436364
0.618593155,0.05582676283745524,5.71210555,0.3146967297849093,0.11091237500000001,0.028997006010819244
0.606474125,0.051953662348524464,5.6664056,0.276016453701985,0.109609275,0.028340798504288552
0.600904725,0.06250810877510045,5.6384986999999995,0.310144024408204,0.108929395,0.028527873841355432
0.587534525,0.05046555798504244,5.55474325,0.28771500638270664,0.10598444,0.02760515799902884
0.57207713,0.05556864399217485,5.483714,0.30230221670130336,0.104563605,0.027467367723732313
0.549719965,0.05423294554715237,5.36626915,0.2903110861638799,0.10040159500000001,0.026907775036015245
0.531933215,0.060901497477651764,5.25809885,0.3345869603644206,0.0976647045,0.026874204657440472
0.509451665,0.07722663155924714,5.1465824,0.41451201490627354,0.093142545,0.026852602261194087
0.50264707,0.05438936359678637,5.116281949999999,0.31231661721252313,0.09390665100000001,0.02548421641268067
0.480203585,0.05299469863884722,5.0137757999999994,0.3009327755228893,0.09077065749999999,0.024829036086157115
0.449244625,0.052965078935881045,4.86169575,0.2925813770488281,0.08646627949999999,0.024308365823571827
0.439129675,0.04923994861842684,4.7834528,0.27369429004112306,0.08378325,0.023566234666594903
0.42071167,0.05641636120275901,4.6855009,0.311205924200891,0.0815298095,0.02325864740408055
0.38705194,0.058013750547439416,4.5347534,0.28064083076978724,0.076345704,0.022747573654998778
0.36124480000000003,0.0530110365782286,4.378448049999999,0.26333073098127324,0.072521999,0.0219638836077889
0.34013996,0.06190626696483333,4.3203489,0.33146975211010987,0.069918618,0.02258197416383063
0.29318251500000003,0.06754414402959337,4.079909000000001,0.3412369663362918,0.063854684,0.02105348568020687
0.27074551,0.05244452344700289,3.9937787,0.2589128129259679,0.061046198499999996,0.01955182747079127
0.25381885,0.051752185627340005,3.8783669,0.25620538747877425,0.0564554285,0.01888869245364902
0.24935992,0.05703638536047829,3.8475132,0.29007652304466097,0.0552806665,0.019588645882194937
0.22962658000000002,0.07116928932711578,3.7437160499999997,0.35585124671789675,0.052920703,0.02063288626523982
0.198687845,0.05383287250862934,3.61594735,0.2685486731138356,0.049811124,0.018905844555593104
0.183896635,0.04444380131559841,3.54530185,0.22934420981212078,0.0469863275,0.017988866055224352
0.17715957,0.0461592042872893,3.50425625,0.23804978981025227,0.045770241,0.018229699660590914
0.170831225,0.04979495667897171,3.4818949,0.25008619690648803,0.045315243500000005,0.018209083981294477
0.16300763499999998,0.05459344817410955,3.4363028,0.2698307531790282,0.0440361645,0.017809550648690626
0.16144901,0.04817057822135479,3.44355215,0.24219822917578457,0.044356076,0.01731999956109544
0.160267755,0.04708677485959163,3.43751405,0.2396589439665608,0.043944973,0.018090455098237215
0.15835935,0.04419729992554777,3.4295063,0.23097149961255223,0.0439553585,0.017879824920363593
0.151565885,0.04831664652063304,3.40628025,0.24818619853460916,0.043192708999999996,0.01828064484552212
0.14776764,0.05034915818905043,3.3811641999999997,0.2654551685933125,0.043033026,0.01800108870637818
0.139207465,0.046489720220072875,3.3397586,0.24832858590997023,0.040859663500000004,0.017716936849521362
0.14075885,0.054593625670679304,3.34319785,0.28571530261643646,0.041380015000000006,0.017978489898130237
0.13164787,0.05542099595455945,3.2932647,0.294174977000669,0.039361563,0.018024134237649342
0.13112375,0.04928461737683657,3.27480685,0.2698729594169638,0.039052798,0.017873387750930454
0.11881996,0.0461040403165858,3.2174564,0.2436563499355835,0.037288800999999996,0.017204540090494255
0.1094439,0.045117119096176196,3.1673582500000004,0.23344256464156835,0.0363016845,0.017198135593588033
0.089791347,0.05220614413578011,3.0846155499999997,0.2710486283913688,0.033809603,0.017068135977540713
0.076049598,0.0559996221573502,3.00545805,0.28311582777791333,0.0308244305,0.017130404591491167
0.044942976,0.05764036570901526,2.86771455,0.2499057886241441,0.0265844875,0.01642114999554745
0.0423401,0.05228601303319417,2.85401695,0.24024296750934615,0.026113274,0.016138839431109282
0.039585126,0.05888469240696841,2.85014025,0.2670501972973589,0.026410087,0.01653835963998357
0.039409993500000004,0.05225756409852257,2.8487423,0.23515076202384103,0.025692523000000002,0.016314717961320203
0.028980806499999998,0.05395141604283146,2.80131205,0.2475902285875237,0.024516181,0.016288448735417394
0.015394442000000001,0.055732105619408806,2.7280547,0.24568648559915665,0.022665205,0.01624004963464161
0.012387269999999999,0.0530785175073605,2.70898755,0.247812346874928,0.0223299185,0.01587206438494856
0.015942255000000002,0.0574747687199478,2.7450721,0.2763941448455431,0.023403304,0.01702672961474973
0.010539432000000001,0.05337620778665599,2.71205755,0.254144961168483,0.0216804335,0.016424754418903963
0.0131169215,0.05165178082420557,2.7170984999999996,0.2485347994720737,0.022261524999999997,0.01587120671803303
0.0070352289,0.05949061807589695,2.6721179,0.2728403248045011,0.0206218455,0.016734146157188306
-8.5543823e-4,0.05269987677867523,2.6349245999999997,0.2335968469663328,0.0200415855,0.015963198684844943
-0.014183286,0.054757303430436485,2.62058295,0.2719302096452702,0.0183935955,0.01646231975937157
-0.0075019374,0.05290595610523208,2.6258754499999997,0.2579446322987032,0.0193018855,0.016002804243836113
-0.005732646,0.05031162640011642,2.6383951,0.23358733830719386,0.020301499,0.01574758912170691
-0.0011482373,0.05190694397703035,2.66005745,0.25724882237458935,0.0201849735,0.01633649118039781
0.009802105799999999,0.06832634561249366,2.7079167999999996,0.3249244584594741,0.020212718999999997,0.017931071431736816
0.0072684259,0.0385694377800832,2.7059179999999996,0.1936574269928887,0.0214814065,0.015574390613214983
7.1672697e-4,0.047412334136089904,2.67923405,0.23914644157462117,0.0214346505,0.01611194195527546
-9.9735318e-4,0.04737327022141605,2.67091285,0.24002916530051732,0.020390309500000002,0.016078293684131287
0.00886455655,0.05492231688604619,2.7252117,0.27241928927094156,0.0224178195,0.016977997316854645
0.00390891495,0.049424825240070885,2.70173905,0.24013878672099845,0.021120418000000002,0.01607383374296991
0.0166464435,0.0452222542496691,2.74451815,0.2283254381841549,0.023067546,0.01652518922904895
0.0205991015,0.04601608017421439,2.75975295,0.2315262123126796,0.023610247,0.01642931416832329
0.0222438035,0.041834420417063645,2.761004,0.21315703778517656,0.024428608,0.015769644017625973
0.030625284000000003,0.04509288181120592,2.80589875,0.22857375756861426,0.025880031,0.016060143805792126
0.0363866375,0.0515826791352049,2.85141645,0.2440534784716904,0.026286144,0.016691771975642217
0.0536802175,0.0505182367743924,2.9171522999999997,0.2526920534362925,0.027566392000000002,0.01705703396859717
0.0755212165,0.04624653507710081,3.0127299499999998,0.23855210141390681,0.031066602999999998,0.01680114068648995
0.080798419,0.06901096008527466,3.0624602000000003,0.3309764937267597,0.032648757,0.018378019746470724
0.10479938,0.053220564657715415,3.15196385,0.25157680568959845,0.035121955999999996,0.017804313837427765
0.10111822000000001,0.05318795306718684,3.15400905,0.2565729000527111,0.0348880995,0.017747353987104583
0.11306454,0.055529314403836634,3.2039869000000003,0.2537477755373948,0.035885794,0.01777251874981942
0.11462532,0.04925062332249128,3.2102498,0.24014308415214577,0.036254871,0.01763610435583357
0.11500747,0.04929738346753564,3.2124455000000003,0.23543782811460617,0.036574619,0.017069925206837398
0.12416898500000001,0.04438520118012324,3.27004585,0.20753932844101883,0.03909812,0.01689515506718273
0.129598015,0.04884419293023815,3.29627385,0.2238387746213472,0.040218338500000006,0.01725120630067259
0.12765878,0.047726909347838124,3.2781414,0.22021310657997958,0.039108211000000004,0.01701674595928115
0.12413482,0.05213111171481068,3.27476455,0.24185222777824122,0.0391763895,0.017399952596037545
0.11645912,0.05628667008744782,3.23765715,0.2602314581887852,0.0375525675,0.01739926084912916
0.11261106,0.05507647775983526,3.2086684500000002,0.25679293126765435,0.037043242000000004,0.017622144774137063
0.103497655,0.049836787469737416,3.15101365,0.24198430801238682,0.0343166635,0.01718368360389168
0.10004645000000001,0.059471609660851556,3.1432938,0.28676585675582517,0.034304193999999996,0.01797720594772342
0.10792189499999999,0.04039037731364452,3.193279,0.19991216560153896,0.036672725,0.01669520118442476
0.1157402,0.04484967961285701,3.2069228499999998,0.22444645605520414,0.036531831,0.016947840123064245
0.10763239999999999,0.04729522591823195,3.1889661,0.22529244496164252,0.0369276375,0.017124013048147705
0.10578116500000001,0.054964612724761414,3.1754630500000003,0.2567299445849515,0.036979193,0.016971162674105547
0.10112366,0.04477848968014088,3.1524272,0.20796351380933073,0.0358209595,0.01627599971588629
0.102220325,0.057112026576569115,3.18183405,0.2600990210711874,0.037369175500000004,0.017147694460811765
0.10822306000000001,0.05917315243727821,3.1926871,0.2677536662678672,0.037270638999999994,0.017287122013301078
0.1092302,0.06428227195668497,3.20526065,0.2863861339619401,0.0367018675,0.018044764970467263
0.10768147,0.057107366575498385,3.1929031500000002,0.2582705687515407,0.037088985000000005,0.017763822455609226
0.134857435,0.05537551917329553,3.3128228,0.26166096609810474,0.040514640000000005,0.01820678431199817
0.15291436,0.05523351049367283,3.39471465,0.28391723887280473,0.042612774000000006,0.018623140159802227
0.157551585,0.04943833096121507,3.40870915,0.2513459614864235,0.043163523999999995,0.018073177769948028
0.14954567000000002,0.06156474412334088,3.3635690499999997,0.29078193908176364,0.041808269499999995,0.01821676234251647
0.14733637500000002,0.04567087506961754,3.3436764500000002,0.2050625783915686,0.041111793,0.017120639191488332
0.15141243999999998,0.04177854048321254,3.37801015,0.2180724270936365,0.042430477,0.017202752379174253
0.157148085,0.045571240145447334,3.4126066,0.24155817939157476,0.043603258,0.01735148689108797
0.162786075,0.06094308788729898,3.4283392,0.3019077876622674,0.0437544135,0.018440551121119673
0.16436014999999998,0.05364382799578969,3.43965875,0.25011361002295046,0.0444571545,0.01813144529315802
0.16075441000000001,0.06305415996113901,3.4481305,0.2828232432944074,0.045271870500000005,0.0185217218244792
0.1623072,0.05569465252155349,3.4357371,0.26197576660558713,0.044082933000000005,0.01845492707668419
0.16801716,0.04672151802741671,3.4727282500000003,0.22806581089363687,0.044317420999999996,0.01791251441368099
0.161820935,0.044882487980150224,3.44277335,0.2280466671783826,0.044524035000000003,0.017816248711986383
0.16119707500000002,0.04302802689473618,3.4548145999999997,0.22181387993912585,0.0440444585,0.017506160908771128
0.15759503,0.04974379828677845,3.41943115,0.26890221294050837,0.043079519499999996,0.018046861857034958
0.15507379999999998,0.048295045724109184,3.4050222,0.2640929809236868,0.0429742565,0.01809239472686022
0.138969,0.05763680428780015,3.336187,0.2979785577678021,0.0407429375,0.018149915251018108
0.1408084,0.05174271543448535,3.3290718000000004,0.2560745874893919,0.041062213,0.017727638041993676
0.14507357999999998,0.04974525460340015,3.3761365000000003,0.24028775874243088,0.042397893,0.01745526378061031
0.134223,0.04885033957001362,3.3158281,0.22511375296309308,0.040946325,0.017342895354385775
0.1244375,0.04643228813453885,3.2513331,0.21746824257009295,0.038057209999999994,0.017051281650282697
0.11123959,0.04605448371448465,3.19637775,0.22096602099507576,0.0366680665,0.016613050546428042
0.11091793999999999,0.04991083149270898,3.1787688000000003,0.24485972832556077,0.036010310000000004,0.017370583191366012
0.11046937,0.041111127014934856,3.1946938,0.20497653049391465,0.037222892,0.016927583233362558
0.101485465,0.044089996006839396,3.1378161,0.20244409661521798,0.035283522,0.016749707379091042
0.1036604,0.042396255834872706,3.1355900500000002,0.20987118467600618,0.034476235,0.01679947978350905
0.0966885155,0.05155149674457892,3.1042562,0.243656299796248,0.033631257,0.017057904574272947
0.0805750385,0.04549130309487275,3.03685955,0.2147699892922563,0.0320887965,0.016488112973667524
0.076484145,0.04561010787541492,3.0189222,0.21750904548742483,0.031335387500000006,0.016199376523912207
0.063782476,0.06735476822767436,2.9903022,0.3291978003926877,0.030651908999999998,0.018157124856134164
0.050291815000000004,0.04890740966456149,2.9176237499999997,0.2310127640458486,0.028220672500000002,0.01606974512032473
0.0493153665,0.043497137951040626,2.90098165,0.20779682714799896,0.028046810999999998,0.01642146418956591
0.049314080999999996,0.04375822344645399,2.89057025,0.20172418618063526,0.0278441315,0.016327707376870795
0.0582259935,0.04273350070442955,2.9455493,0.21736530073142385,0.02941835,0.01638962204875624
0.07214293699999999,0.04074618738377298,3.01843325,0.20191622649500476,0.0314415755,0.016043460459229573
0.088119223,0.04188846291815283,3.08784615,0.2099191165411634,0.03312197,0.016567388650570287
0.0969413765,0.048661832601345774,3.12590265,0.23930311237951066,0.03402546150000001,0.017138320226113977
0.10052367000000001,0.04486871871848917,3.14202315,0.2264072685303119,0.0358417215,0.01705945019511585
0.10588404,0.04289692115902392,3.1679466,0.21289245602900383,0.0364376815,0.016981840794456162
0.10512762,0.0551114431118643,3.15881575,0.266914199300446,0.0361508435,0.016944040699198762
0.09993696099999999,0.05237950054954895,3.1522009,0.24442938072772757,0.035824665,0.016668876913809316
0.10732147,0.04951261520949056,3.18759715,0.23526018156171002,0.036747695,0.01669178100148697
0.114104565,0.06993349249315868,3.2163289500000003,0.3298363174193394,0.038184404000000005,0.0185147016431721
0.12375605,0.04579540918465743,3.2597735500000002,0.22002921800931663,0.038745255,0.01721624366526475
0.12326368,0.04390647332623529,3.25516525,0.22260473989769902,0.0387659005,0.017112429640835626
0.13198959,0.04401258889356645,3.2981245,0.23223606230492141,0.0393631475,0.017157123767877754
0.13977379,0.049419525973139485,3.35170405,0.25731026454775774,0.040722847,0.01806075715738216
0.15448329500000002,0.055096647422729565,3.40411245,0.2706468800660218,0.04385477,0.01858640046635477
0.15228066499999998,0.048793818215559545,3.39765765,0.25445365057986796,0.042752371,0.017919813273035583
0.161160075,0.06142467258198256,3.41863655,0.29005954774986475,0.043776622,0.01891414537917724
0.15899385500000002,0.0555296662898883,3.4109533499999998,0.27334084351472326,0.0435407185,0.018237373749746186
0.163962215,0.05415471700003287,3.4320852,0.25577458240291157,0.04315591,0.01773399683893634
0.15999027,0.05327927485112853,3.4376697,0.2512963897081973,0.043660926,0.017757313564564274
0.165618775,0.057980722561091,3.4562067,0.2732143197014241,0.043888623,0.018153581267542893
0.1880169,0.05449795213085856,3.5757455,0.2768120937457326,0.048267127,0.01821129684290177
0.212328555,0.0707446603192366,3.64817095,0.359753037303502,0.050095784000000004,0.019727824579002087
0.205135915,0.062220745193465314,3.6199599,0.3145206302634501,0.049597881499999996,0.01917738096831574
0.21825907500000002,0.05173661073515076,3.7046717,0.27043413245792164,0.0518107155,0.019291581695624182
0.21144012499999998,0.04721572897586756,3.66703235,0.2511189013819605,0.051006589000000005,0.018957101067795263
0.21885276,0.048670420179771995,3.7019982999999996,0.2652638664347698,0.0516572225,0.01945199561067569
0.22143793,0.052052633394795614,3.7137346,0.28221594545250056,0.0519680055,0.019157372125689853
0.22767626,0.05306340477440818,3.7521282,0.2749684020331137,0.052995574000000004,0.019302438546562294
0.21959389499999998,0.04828969187432483,3.7143145,0.2637451058122051,0.052251899500000004,0.018869530233837997
0.22960013,0.05483874590880487,3.7729184,0.2893254023920292,0.053551457499999996,0.019496420990719673
0.22672253,0.05922203038034883,3.7403442,0.317732858377244,0.0534425985,0.01955665534341014
0.24068793,0.04897739861211299,3.8215776,0.2463461919411611,0.056063906499999996,0.019187649355745063
0.23909676,0.053186155253690456,3.8028413,0.28319287441192176,0.055482117,0.019517299155866245
0.23801329,0.051795372673322196,3.81449365,0.26182380847396663,0.0555591475,0.019378114512965096
0.24926122,0.06450197311668796,3.87950795,0.3118700288256562,0.0573966705,0.019529518496313954
0.260511285,0.055671308219505854,3.9269692000000003,0.2700721879190387,0.059013342499999996,0.019658129871138484
0.27451428,0.050751900461545825,3.98035155,0.24658866786744799,0.060266118,0.019975916712947912
0.28182360500000003,0.05512646330867619,4.0277343000000005,0.2708475532228038,0.0611944225,0.02053682344347653
0.27221277499999996,0.06102350541264489,3.9867332500000003,0.29733853714151665,0.0602011655,0.020477981555271346
0.273156605,0.05101557682907887,3.98920105,0.25170772474247066,0.0611294285,0.020050475292569366
0.277416165,0.0514223225104185,3.9986576,0.25627008442815463,0.0610107325,0.020181242782738452
0.28323725,0.051149550278920014,4.0312655,0.2597930406276175,0.0616170845,0.020209419470720604
0.283387335,0.05574321662805757,4.0372637000000005,0.2802482264457925,0.062056635,0.02038999814048236
0.279951945,0.06876890586340105,4.00362455,0.3409636304232977,0.0608587695,0.020950384587939023
0.29331942,0.057035542887792244,4.07405465,0.2772742809394029,0.06232515600000001,0.020342762643045825
0.295407,0.057733000549087365,4.087904050000001,0.2902834525404128,0.0638642005,0.02117900928074043
0.30248837500000003,0.04976726581893668,4.1300878999999995,0.2529024993193937,0.06456350599999999,0.02076794912505148
0.321093965,0.054522688675147916,4.2189023500000005,0.2804839868196187,0.067039633,0.021221754518222363
0.32824922,0.05305806639510924,4.26025105,0.2647231959463116,0.06880125849999999,0.021136440172141332
0.32574070499999996,0.052679663337591574,4.2486874,0.2586060062331741,0.068595717,0.021422181270754678
0.328515925,0.05097182030998125,4.268228049999999,0.24178115393824154,0.0697479235,0.021292025107812113
0.32560533,0.05301972539836108,4.2461053,0.2545778276937687,0.0693209565,0.021510383879194288
0.318474735,0.05470792221742902,4.19172965,0.28158475060904725,0.067265354,0.02141510745529032
0.31498799,0.056606606112749175,4.17716375,0.3050224158910863,0.066046838,0.02154145458258462
0.325429235,0.08162748830198681,4.2289081,0.4532019044267729,0.067897599,0.024294215568123972
0.32757358999999997,0.05682261057809858,4.21898325,0.31922659355769095,0.068292933,0.021845991358616312
0.32254508,0.06584181282988694,4.232386849999999,0.34952775613100945,0.06776879799999999,0.02220198672318443
0.34227725,0.052704005196157186,4.29221595,0.2794460549742871,0.06911857199999999,0.022017105838805208
0.342119145,0.050301201862615184,4.3160825,0.2614369423200823,0.0694535375,0.021646941925881274
0.341214715,0.05745269381378058,4.3020144,0.2796053263159703,0.0695979585,0.02189344628123559
0.32859082500000003,0.06394867866781832,4.246529499999999,0.3151782790924977,0.0687708555,0.022042195280951908
0.33354644,0.0496177858330597,4.2659009,0.2406965662305378,0.069061891,0.021096410081890633
0.329335475,0.054405990155143365,4.25535845,0.2533585297270957,0.069316706,0.021161740462729776
0.332990515,0.04722326218835592,4.2695644,0.228432322596933,0.06917483999999999,0.021215711105929826
0.33662767,0.0484730289978986,4.3056319,0.22367040948538974,0.0700539795,0.020960722520745687
0.345672455,0.05161616967603098,4.321009500000001,0.24287172912501004,0.070364551,0.021145792918254788
0.34895184999999995,0.0505772881528751,4.33949625,0.25582790875320044,0.07121793400000001,0.021347394520852415
0.356021725,0.04786993535647306,4.393829500000001,0.24225455623460504,0.07332649150000001,0.021621469489346994
0.361577685,0.04756293674670727,4.4155604,0.24736958760656547,0.07370847250000001,0.02187065121854593
0.37030112,0.060520968054776185,4.45710965,0.3159166811347458,0.07496353850000001,0.022136880014303025
0.36650885,0.055325316015290636,4.4384046,0.2931810606605131,0.07444729850000001,0.022023338393722905
0.372485715,0.046500486445300304,4.4585894,0.2542297144163015,0.0754979655,0.021553012432652726
0.366169465,0.047541652463877024,4.4327551,0.2574152739450086,0.074546742,0.021809363632275612
0.35653996499999996,0.05311258537455442,4.4116108999999994,0.2619097094435756,0.0735872695,0.022127344182049428
0.34229155,0.05072449210616758,4.3189290499999995,0.24712579199984216,0.0711192025,0.021610003985476016
0.33815193,0.047517942800853655,4.30699355,0.24488847156675456,0.06950809150000001,0.021455089709099612
0.331464695,0.05487372443654301,4.271844,0.2692259428008831,0.069173692,0.021885451719131227
0.326661335,0.05154062980100123,4.24686425,0.25630323010093653,0.068220273,0.021131913498832044
0.317197985,0.05015675786430658,4.2162565999999995,0.2470742655867791,0.067039087,0.020675352355200995
0.307257995,0.0501448525201291,4.15433785,0.25196446339785467,0.065935715,0.020355469114416044
0.29914355000000004,0.051092201190241424,4.1082383,0.23944826435244465,0.06471068099999999,0.020418849341912848
0.29545875499999996,0.04707086094099291,4.10512055,0.22670901707745825,0.064706261,0.02028729748163294
0.2918132,0.06099446547640053,4.0745196,0.3028559857464212,0.063148592,0.020928012417696477
0.29407731000000004,0.06020829175567481,4.095851400000001,0.28326583273131056,0.064201426,0.021256187580438787
0.301501295,0.05681776296135906,4.1067938999999996,0.2841383235271798,0.06539344550000001,0.021206862433524654
0.29297533,0.05175388353427652,4.074419600000001,0.26723107711840177,0.0636332595,0.02054547638165848
0.275713945,0.046835231047862975,4.00910315,0.24741407390012632,0.0614676175,0.01965025314810819
0.270216845,0.045231945192456414,3.95531655,0.24138304475613823,0.0602308515,0.019980393040794197
0.272932925,0.046366533229982944,3.9973839499999997,0.244615995686795,0.061441921499999996,0.020086282923201058
0.27014242499999996,0.044992101073026855,3.96242375,0.2480348607498431,0.0605105555,0.019621444102417493
0.276616795,0.04870598296554822,3.9985219,0.26618518129670415,0.060976881,0.01987573369441036
0.28142878000000005,0.062370858568048256,4.0225095,0.33750906833940114,0.061653936500000006,0.02093255679520617
0.27000396000000004,0.048470573011942596,3.96462695,0.25650544543823556,0.060328285999999995,0.019935500185452232
0.272133415,0.04912547016822727,3.9847688999999997,0.241565168982745,0.061017065999999995,0.020075208049003097
0.26319235,0.0641235316539852,3.91316685,0.3030974319508224,0.0590166635,0.019931345040264354
0.267165505,0.08219766119792742,3.92337395,0.3849465087664338,0.0577906615,0.02119664060630483
0.30205929499999995,0.059275001907206554,4.107113399999999,0.293776894652929,0.0640798965,0.020198377587632238
0.30250493,0.05565586891838719,4.11563455,0.30105319867842534,0.06339484000000001,0.02037731796498497
0.29909974500000003,0.0534776688231191,4.1043635,0.2819475782661068,0.0639329545,0.02011109893105309
0.30227228,0.04483808411671304,4.130713849999999,0.238706731743401,0.0646506295,0.020106965856968636
0.30722796500000005,0.04407701130342007,4.1407443,0.22447792949189838,0.065173503,0.020467178906443475
0.301135645,0.046070094590478325,4.1095246,0.24195591564973395,0.063339972,0.02029130953300063
0.295584825,0.04524720721159734,4.0875242499999995,0.2393024751786125,0.063397111,0.020207180017983408
0.29590363,0.059048831086214566,4.09568405,0.2730497854746154,0.064729554,0.020751945133564445
0.28934249,0.0675108875774001,4.0609559,0.31545305187077377,0.0624427835,0.021045315756466596
0.291694235,0.051920147014587636,4.0775738,0.24642180939312497,0.063844732,0.02037104057752574
0.288906475,0.06032750909762704,4.0640605999999995,0.27208522008435226,0.06333029500000001,0.020715713974093754
0.27941526,0.055179350776685114,4.00981,0.2495178741517567,0.0616726835,0.020327697188890128
0.26948503,0.05801848382199181,3.966864,0.2615922284607673,0.0600548,0.020262882661795895
0.23530583,0.04990299869264988,3.7945193,0.23317497943713525,0.0557234115,0.01894817671134329
0.216766695,0.062188356846814924,3.71328495,0.3000924574227827,0.052064621,0.018552134720122487
0.212585735,0.05189884453160248,3.66600775,0.242605223725448,0.049835207,0.018413758001382143
0.19981808499999998,0.053889791840219685,3.62227255,0.24196555497914932,0.049618174,0.018415267000656148
0.19433040000000001,0.049598079905623246,3.5936992500000002,0.2419262755057301,0.048939776000000004,0.018475806626913695
0.183865775,0.04411631440470296,3.5371912500000002,0.2219536327830563,0.046691986000000005,0.0180271303780926
0.163880165,0.049546608791546064,3.4426984000000003,0.24651917960334416,0.0448358395,0.018225461437211748
0.14748288999999998,0.055061569683182585,3.3809623,0.24943350486102409,0.042930604,0.01805400731492702
0.1437713,0.046621892872146437,3.3571864500000004,0.2186938508381445,0.0425240775,0.01726768879218707
0.13970728999999998,0.04733536520352949,3.33635285,0.23899616005402774,0.040869568,0.017398327926643958
0.13714322,0.04837205466348855,3.3068406,0.25033334726503387,0.040828974500000004,0.01707523652357545
0.122517125,0.048474485926663216,3.25249655,0.24884212803273864,0.039779772,0.017274081158711475
0.10754042999999999,0.06564918684548003,3.18075885,0.32505329274579065,0.037170085000000005,0.017541341082660564
0.089480692,0.06780474107744358,3.107718,0.3316606844366905,0.0337354675,0.018010594302143156
0.079241478,0.05440004939133215,3.04431255,0.2739664846094167,0.0321119375,0.01740779251867648
0.06384258749999999,0.0478261512144076,2.9743519000000003,0.23612713690638606,0.0299241905,0.017066814883390378
0.058917848,0.050188711728644676,2.93710175,0.25092339441674527,0.028542586000000002,0.016962917399595205
0.044891827499999995,0.047309866098378686,2.88814985,0.22960589099909304,0.027655693500000002,0.01688386840933045
0.029748139,0.04623846971171598,2.7996999000000002,0.22751466893525182,0.025478589500000003,0.01658005262501512
0.0165035315,0.04832351956727494,2.7442528,0.2256719393864007,0.0233775385,0.01593731374004691
0.0096767507,0.05542791195295659,2.69841205,0.2569607610831123,0.022418872,0.016575893076024004
0.0070063485,0.05901840332484508,2.692792,0.2879125403767701,0.021240448500000002,0.017012121207478952
2.0217991e-4,0.04979324779771968,2.6749670500000002,0.24060921032258395,0.020907729,0.01666658640082772
0.0075873873,0.04988293378403988,2.68643445,0.2508190131407848,0.0215373805,0.016636638427570696
0.00456103185,0.05090303623482686,2.6878256,0.2567129364870987,0.022030788500000002,0.016661609377395446
-0.0014113808000000001,0.06435109364661833,2.68316825,0.3038123169238423,0.020265721,0.01660181200825349
0.0010481433,0.050309716472188425,2.67459465,0.23190430796631295,0.0209143475,0.016397460479860675
-0.00191485955,0.04840449723337431,2.65258685,0.23688410467634521,0.020452656,0.01633339725136743
-0.0047715004,0.051857694879511765,2.6434116000000003,0.2417717176369167,0.019989555,0.0163882671323844
-0.0048142542,0.048516823502554325,2.62823745,0.24138152113354958,0.0196518045,0.016416483233247937
-0.0175154785,0.05000440219714972,2.56932955,0.24303813543072042,0.017500371,0.016277001534362484
-0.014015808500000001,0.055163923605723406,2.58604815,0.26118668360885,0.018620323,0.016310766844769897
-0.0274181655,0.05349386703359598,2.53507775,0.24317545446701408,0.016309413000000002,0.016418412016985504
-0.0303863495,0.04757087004078033,2.5169559,0.23142708200186055,0.016503416,0.016146430632115506
-0.038373286,0.05782976715864567,2.4923673500000003,0.2674464117619803,0.016215478999999998,0.016832967058019177
-0.032354190500000005,0.051993885813088885,2.5289336000000002,0.24268990651804476,0.017358414,0.016517865460000822
-0.021995673,0.05194213692096668,2.5567931,0.23770236440903164,0.018051241,0.01615282825943526
-0.020854175,0.05841676364238825,2.5700628500000002,0.2701537520334909,0.018971441,0.01656863310451425
-0.017035381000000002,0.044899591670356925,2.5935566000000003,0.2171634196069811,0.0191131785,0.015922140679729836
-0.020505113,0.05050368892946535,2.5777111,0.24087755101431915,0.0197195795,0.016190495782302406
-0.0096369641,0.05668500992504322,2.64290485,0.24838637954427298,0.0209689525,0.016515839958815812
-0.015251688999999999,0.05828375401082484,2.60268195,0.2698129270550679,0.019104132,0.01684874203227391
-0.020858935500000002,0.057369251455297754,2.56540105,0.26843891241377726,0.0183230105,0.016862486470694847
-0.0100907754,0.06876442940547596,2.6125329500000003,0.32156660891802463,0.019559534,0.018150127734640708
-0.0061211822,0.05354067591466812,2.63430805,0.2629638492562279,0.019905961,0.016699191758194502
-0.03549523,0.058888916294656764,2.501041,0.2675355819810694,0.015342154,0.01670370497305826
-0.026833015,0.05348388965280108,2.524388,0.25062454746395624,0.0166815765,0.016709931131421895
-0.015507825499999999,0.0653730901823192,2.56602425,0.3171088455130601,0.018720384,0.018112957405784814
-0.0267610485,0.04560353655501989,2.5448735,0.23503198831913746,0.017674658,0.01634040180542463
-0.0341337215,0.0490385909151343,2.5177107,0.23532410437696794,0.016285440499999998,0.016427118025179332
-0.0507231455,0.04739929593114583,2.43195425,0.2347098794696209,0.012928478,0.016266130329144434
-0.0570395975,0.042109763241763694,2.3945292,0.19792305841133742,0.012619232,0.016000871013436252
-0.0543159105,0.04695661801039952,2.404444,0.21334991765529948,0.013540711,0.015785368504698916
-0.042510586,0.05698526163674132,2.4765262999999997,0.2804516622044838,0.015704678,0.017069507941179028
-0.034843852,0.05967647303747401,2.48790475,0.2912416384131633,0.0168497695,0.01758931846876364
-0.041331561,0.055874327956014526,2.45183425,0.2808728798261874,0.014806027,0.017513587262375268
-0.040290101499999995,0.05185792660548914,2.46503095,0.26332404181478786,0.0153633845,0.01661748931633187
-0.0399158075,0.04768222614717845,2.4738597,0.23023788337534645,0.015448594,0.01566240806797158
-0.049593593,0.05373198428994359,2.4382573499999998,0.23968467978865649,0.01347427,0.015816244096244183
-0.0412871665,0.05976764762691293,2.46680185,0.2615078062825471,0.014699707999999999,0.016435864851918412
-0.0339605375,0.08277425546895432,2.49790355,0.37030278735852584,0.0154356005,0.018788405233623556
-0.027806608,0.051779642862040426,2.54081865,0.23518581701149022,0.017031671499999998,0.016157873592245443
-0.0275309955,0.05152563120199716,2.5314614,0.2444682828433049,0.0167851445,0.016059294595556124
-0.0290427605,0.04907873641978538,2.52448475,0.22936766839829356,0.016356531,0.01597124368879338
-0.024085152999999998,0.05689394535973084,2.5629774999999997,0.2622726723921868,0.0173792425,0.01675869357323712
-0.025036225500000002,0.04671891794952975,2.55612605,0.22042348364751221,0.017231905999999998,0.016056215864849385
-0.034738332499999997,0.04844333478436951,2.5230683,0.21304357218590733,0.0166933365,0.015800659182842614
-0.030364534999999998,0.0512722224464362,2.5435227,0.2297622323947072,0.0169540135,0.015858243283602656
-0.031255379,0.047473691469895045,2.53386265,0.21423932840126922,0.017659612499999998,0.01607252280487365
-0.0380905985,0.04875772777862089,2.5146311,0.21784339865022787,0.016831233,0.01598174140620278
-0.040826065499999994,0.04653787654530145,2.4985896,0.22326412261666864,0.0156880395,0.015444623949329852
-0.045560145999999996,0.04422871265967636,2.4640857499999997,0.21641204000592756,0.014519794499999999,0.01579590304111211
-0.048185974,0.04897471456303918,2.4483407,0.24138291242977636,0.0142152905,0.016309456638664815
-0.064477165,0.05613063547621443,2.36877805,0.27307082009123884,0.011685132,0.016828005543195863
-0.07254054800000001,0.04864552479819931,2.31268885,0.22583085303282996,0.010193774499999999,0.01672882809317894
-0.100145305,0.051895453821445045,2.19465445,0.23513817595360714,0.006395949099999999,0.01681982535560065
-0.113582915,0.04794771518872799,2.1383538499999997,0.21763752051188973,0.0042470649,0.01670210686909009
-0.142409915,0.047392682085878365,2.005313,0.2300317367160492,1.94238175e-4,0.01660921737191683
-0.188450085,0.052126530299175966,1.7982259,0.234175887606541,-0.0062614535,0.016549455456133715
-0.19286841,0.05018700264725973,1.7846785,0.2424402994786467,-0.00649570325,0.016726774788554388
-0.215450445,0.07089573741739778,1.6785169999999998,0.3209336867818862,-0.008986163450000001,0.018301685494854867
-0.25003208,0.04605866389654393,1.5165324,0.22227693168548804,-0.0150651525,0.017684291228200474
-0.273935285,0.04984026713476413,1.38055915,0.21639751427339127,-0.0187528595,0.018387778609671224
-0.29038971,0.046468319120570444,1.31737015,0.21041509518618604,-0.0211083735,0.018348739513925343
-0.307498065,0.05261051382352008,1.24325675,0.22919866669722663,-0.02289455,0.018766366699023828
-0.31596073999999996,0.05872921728927948,1.20309045,0.2650495684323091,-0.024328375,0.01942901030978312
-0.35590553999999996,0.06891127072706407,1.03258265,0.31834434298937364,-0.02993685,0.020743484811810084
-0.36859157,0.06413875761633094,0.972013425,0.27173801195378133,-0.0318560695,0.019506497056252816
-0.39349396999999997,0.06783429166568501,0.86649544,0.2866227636465061,-0.035856627,0.020853739028851508
-0.42192015,0.06196567063209195,0.715033495,0.2790159772837215,-0.040151476,0.021668804361596856
-0.469708845,0.06553391453214326,0.517442645,0.30053495380738926,-0.047418573,0.02269313288907111
-0.48441583,0.05938900260291865,0.455456195,0.2569468004890988,-0.049307549,0.022737135644048813
-0.503891015,0.05390371653022384,0.36985446,0.2528182578694627,-0.0516123995,0.02372715583596481
-0.5235337250000001,0.055752466882874274,0.27745621,0.25942518059492553,-0.054559644000000004,0.023907548185820915
-0.545079325,0.06080431987759916,0.20078357,0.25961453986786825,-0.0564986595,0.02426557972138074
-0.5601407700000001,0.07242052546436865,0.11535213,0.3072457369482482,-0.0601921295,0.0254679368605535
-0.59111095,0.05259336244282191,0.0098539915,0.22399363940583183,-0.063892809,0.025268204690755237
-0.604593165,0.062377603701835184,-0.0524212315,0.2697585772292968,-0.06502841200000001,0.02631508210681603
-0.60431636,0.07076380491502246,-0.0556943995,0.3048597033224751,-0.06534291049999999,0.027109725250191542
-0.5943424900000001,0.0994116776853433,-0.026593536,0.4137362766435977,-0.06294717899999999,0.029080073173284267
-0.599639635,0.06920874247115592,-0.066309013,0.3042439518240723,-0.0655889585,0.027595069924003773
-0.62447878,0.07037094577715834,-0.151289405,0.3272823586585711,-0.068861137,0.028415578117925104
-0.63855012,0.057850756402735654,-0.200857055,0.2582455668941969,-0.07048011100000001,0.027248403311862963
-0.64754718,0.05852692912667311,-0.24645772,0.2513359367027949,-0.07223246850000001,0.027133350182270918
-0.6477249700000001,0.06351220361386352,-0.245768665,0.2755098020726586,-0.0729252815,0.027715150671064694
-0.639972925,0.06385978490575683,-0.228392105,0.2712988610927811,-0.07113011550000001,0.02754466214802439
-0.63814382,0.06521404557265024,-0.2225112,0.2705390703094194,-0.070879816,0.027291831103133244
-0.6273189299999999,0.07369299383822599,-0.180352615,0.3063630094997915,-0.06964621600000001,0.02702900614152461
-0.6136485650000001,0.05102984067646293,-0.114127675,0.22190789390548873,-0.068257812,0.025896337252817085
-0.59386001,0.052447999347484675,-0.02092388,0.24116282929701993,-0.0644396585,0.026027501171885105
-0.56535958,0.058873798320912975,0.11440821,0.2741817212872136,-0.059758514,0.025781112537241992
-0.558612025,0.05743569145770165,0.14858724,0.25942001175926044,-0.058374695500000004,0.025177026444491005
-0.557292475,0.072584739110512,0.17003486,0.31146216656459874,-0.057787026000000005,0.025267009158322275
-0.54208683,0.060519657700784484,0.210931755,0.27201523756826257,-0.057425187,0.024841584792165982
-0.525091295,0.05766820668994795,0.298375055,0.25866484208682844,-0.053025837,0.023885936760224442
-0.511663695,0.05757455893594951,0.359271055,0.25776324260523936,-0.051781186,0.02264343150216837
-0.49512014000000004,0.04900617484920221,0.40228944499999997,0.23279951829098747,-0.051119893,0.02243634056159814
-0.484820125,0.0547280807649612,0.46859294,0.25606957007792425,-0.048538502,0.022648447139464827
-0.465918935,0.05214167369349561,0.547941895,0.23392334539544807,-0.046188723,0.021969368562522518
-0.45056982,0.06179722478002971,0.59132812,0.2687760263381737,-0.044430723000000005,0.022136106308541573
-0.441181965,0.06338544632564692,0.64875319,0.2815124258911964,-0.042995455,0.021761711098578187
-0.424850835,0.05451654302243598,0.719615565,0.24913629077646568,-0.0398647435,0.02093944159076047
-0.38053342,0.06593389722477185,0.92484086,0.28047938167853503,-0.0347868405,0.020747368000344466
-0.355700295,0.06389495071363956,1.0304036,0.28191749037453806,-0.029943070500000002,0.02003269630901434
-0.340237785,0.06102244735740237,1.1166448,0.2737265682454945,-0.026979895,0.019239316993733362
-0.33261309,0.06314061708231475,1.14131795,0.29994017604604695,-0.025751592,0.019233589691695554
-0.32617723,0.05966052097299519,1.1821864500000001,0.2779743141809459,-0.024501879,0.019293283457171604
-0.30906651,0.06786515063732733,1.23079625,0.310283848783674,-0.023586171,0.019506521481639994
-0.29519927,0.06942267253596283,1.29658085,0.31816876681941325,-0.021495438999999998,0.019025495319149134
-0.25427734,0.06161148268198872,1.4853892499999999,0.2813037656144322,-0.0157504885,0.01891499974158306
-0.21455058500000002,0.0634620851261846,1.6509436499999999,0.28599198465737474,-0.010016445499999999,0.01822625477523932
-0.20750908499999998,0.05749565828361776,1.70609875,0.26332217230883903,-0.007995120349999999,0.01761181088948268
-0.19833062499999998,0.06508493531693191,1.7407485999999999,0.29634584941601777,-0.0072071479,0.018205508997556064
-0.17782195,0.06620028676465174,1.8132188999999999,0.28929591855917075,-0.0050962381,0.017775657539655907
-0.168821785,0.0663167115590639,1.87278825,0.2935151134467321,-0.0029761212,0.01749377150790056
-0.15699011000000002,0.05063459339091957,1.93208135,0.23662143162138163,-0.0017567869,0.016630336946923514
-0.12389288,0.055538480592356436,2.083554,0.26625682032707,0.0030311684,0.016839549318799236
-0.113239595,0.06727215345731995,2.1316796,0.31878269464278053,0.00514786145,0.018474134514861313
-0.0959207535,0.07327185599547327,2.2221997,0.34054430929046603,0.00744830265,0.01820186036331758
-0.083733679,0.060450471708471926,2.2795273,0.2929026152758552,0.00940755465,0.017360142567774753
-0.0709156765,0.05836612516907751,2.3283451499999996,0.2865832780813025,0.010750511,0.0170183321350851
-0.068512237,0.06543763503881525,2.3589027500000004,0.31223050388367085,0.0119663825,0.01746495701822674
-0.067277205,0.06571879633394212,2.3586792,0.2941142350505919,0.011786077499999999,0.017294379430788584
-0.0747758575,0.0723397413275564,2.32447155,0.3115056743919265,0.0101841105,0.017827170496556504
-0.076291234,0.060853118890918136,2.3275437,0.2719725785455553,0.0105239785,0.016945411403333503
-0.0829750965,0.06117637403839074,2.29688415,0.26821644342557366,0.0096231799,0.016497527743997157
-0.068157636,0.06136532692511849,2.35394345,0.2646450982991414,0.011126905999999999,0.016803964178553656
-0.070144487,0.06334878176054738,2.3500221999999997,0.29559203697210595,0.010674106,0.017300703883264414
-0.072645294,0.05392401947964549,2.3364179,0.2505301150034849,0.010260954499999999,0.016698921017685896
-0.0682851095,0.05765410375815468,2.3644204,0.27762842326677817,0.010786783500000001,0.017494225784999193
-0.06970056050000001,0.0569421718973788,2.35339485,0.26964703299842485,0.010868269,0.017605573350030584
-0.0282997065,0.06150782200183149,2.5145594,0.3079381444424081,0.017055856,0.0181851979119513
-0.0317823475,0.052434538183707045,2.5220551999999996,0.2510702964505853,0.017324215,0.017112173710771054
-0.024914956000000002,0.05242858121930838,2.54097045,0.25872955364274813,0.017302038999999998,0.017054435368426386
-0.029790784,0.05657357664999706,2.5108821,0.26772915934904545,0.0162554975,0.01719884961621211
-0.023490399500000002,0.06645689614768564,2.55952865,0.3110274298075062,0.017925539,0.017669113139412843
-0.00696652015,0.06740701879842728,2.61822615,0.3003817588413988,0.0191505565,0.017226440020060286
0.0033412741,0.06401497493195814,2.6667642000000003,0.291547154365908,0.021186688000000002,0.017365419497542396
0.00386045445,0.05934056510443457,2.6670672,0.2635458951662467,0.021061834,0.016485069254865373
0.013847807,0.0645434733515886,2.7036680000000004,0.28585316906399,0.0216786245,0.01683620588052997
0.016782465500000003,0.056260247257496045,2.7241324000000002,0.2614720915799756,0.0227963305,0.01621240473263522
0.028828279499999998,0.05013372451813542,2.79348535,0.24702912778926536,0.024345947,0.01639038180701516
0.0250444095,0.049660372149865656,2.78576895,0.2572690265309436,0.0238072145,0.016697819524485628
0.027804335,0.04252954079295179,2.77252705,0.2048790079042216,0.0243379465,0.015903008660964623
0.0240365015,0.046301343665010354,2.7791635,0.22107137941985325,0.023744847,0.015869939419342484
0.019133685,0.04522580353230218,2.7624538999999997,0.2295277448520792,0.023731208500000003,0.01592066977325173
0.025154263,0.04426382251049153,2.7772459,0.21403786687991103,0.023201754499999998,0.01612787160202184
0.036524308500000005,0.04414171907043644,2.83652555,0.20182892331694646,0.025820907,0.016298758618859013
0.043662093,0.041313346167269165,2.85319525,0.20227261567151233,0.026518429,0.016315174510848584
0.050827073,0.047298999478484254,2.9053959000000003,0.21308834047164493,0.027598333,0.01644248548760178
0.043327499000000005,0.04535473129654423,2.86842995,0.21350783999815698,0.027231347,0.01653984479370464
0.0609816485,0.04648087010572442,2.95745175,0.21777318456176645,0.029230713,0.01643593593176146
0.061475556,0.051616552684376385,2.96852925,0.221113429180384,0.030352038,0.016364177569798365
0.0572069315,0.06310355380259422,2.96346205,0.29083972863413754,0.0306953045,0.017489279396482364
0.063105777,0.05117514740446098,2.9706268500000004,0.23472632109711278,0.030518543000000002,0.01631308163714689
0.060461908,0.05099141076706233,2.95993585,0.24349285104614646,0.0295063265,0.016480832080300212
0.0603683465,0.046970194883679234,2.95319255,0.22338590117153018,0.0293793845,0.01680911395795959
0.058958521,0.04299932422398648,2.9391213,0.20492379021828294,0.029146355999999998,0.016286049312883417
0.0534875485,0.045203811572480275,2.91623655,0.21142682059307452,0.028520264,0.01640661896693905
0.040704370000000004,0.04323186963926112,2.8553480999999996,0.21579040259465251,0.026299104,0.016527548737994262
0.041634457,0.054146077984264476,2.8610237,0.24335100429670897,0.0271707535,0.017070270466125005
0.018685883,0.0508320622887124,2.7650072,0.24004104212674263,0.0234567415,0.016672123976146723
-0.00759854435,0.06253632279550393,2.6391286999999997,0.29030426999317965,0.0180453415,0.016772180177097633
-0.011350012999999999,0.047845997805164145,2.6101261,0.23664898800337034,0.018216197500000003,0.016189208075818178
0.0023011629500000004,0.049652292567905945,2.6705108500000003,0.250167134068292,0.020527116499999998,0.016729313181876808
5.09200515e-4,0.05563486390844741,2.6537757500000003,0.2657529356834796,0.0196949935,0.017119844554327183
-0.0010113994,0.05989296340540904,2.6698607,0.28950868323802076,0.0199442405,0.017275598209007318
0.012332506,0.053159923647635624,2.74022685,0.23877972797691,0.023319087,0.016415219593948226
0.0017097881500000001,0.05806057116464305,2.69793215,0.2592578645809218,0.022036987,0.016033290120078637
0.004417009600000001,0.05263720858404565,2.68488035,0.23317740647468466,0.0213448105,0.01621498089531788
0.0089102344,0.053714066136662464,2.70298075,0.23502878309767924,0.022466394,0.01643173598320054
0.018806984,0.048853031139502116,2.7641158,0.2208266180414049,0.023687071499999997,0.01632430163572942
0.026856315999999998,0.05350619835328104,2.78811605,0.23957265771111408,0.0244869305,0.016718813513747984
0.0509790935,0.055405625965405825,2.8852596,0.2627971177583282,0.026728222500000003,0.01726460867851711
0.0746577955,0.051771930444630354,3.0151268499999997,0.25869102011196693,0.0316009755,0.01762831589779137
0.0904247475,0.06457327774364607,3.0996752,0.3179454823593064,0.0333619375,0.018473998419883585
0.11315391999999999,0.044123070752069074,3.2188688,0.21529052883273705,0.0374555795,0.016813256491854486
0.125122205,0.047840252478692134,3.26644855,0.2304206006441132,0.039528823500000004,0.017171825019175076
0.128295085,0.054956255517329765,3.2853012,0.2645418607026387,0.0400801615,0.017226130879101957
0.1301076,0.06368422487377448,3.2847496,0.3010346654657194,0.039182271,0.017476613997861306
0.12940887,0.04177252131582387,3.2871186000000003,0.21301018071514669,0.039466894,0.016848969256131933
0.129700525,0.042832214299178654,3.2708814999999998,0.20862756891797674,0.0386891595,0.016416384905585345
0.129136435,0.04324678118387104,3.2833487,0.2185617752244011,0.039045641,0.01696064978261334
0.13584891500000001,0.04971560460072213,3.3278664,0.2498790031332854,0.04009673699999999,0.017595619113044636
0.15327551,0.04464439578135304,3.37971575,0.2270924678004209,0.042010475500000005,0.01768144043915372
0.12730186999999998,0.04497651705557597,3.26292035,0.2319828913627502,0.0383857125,0.01725511341337515
0.11796495,0.047228245549587364,3.2274951,0.23975572750346008,0.0375205885,0.0173714049427104
0.112264145,0.0477443818950913,3.20316,0.22961243262474101,0.0372958515,0.01677229842229829
0.1125756,0.04804592263956768,3.1890697,0.2454248322877255,0.0365187295,0.017069603370225832
0.11222968,0.04329534430862982,3.1951405,0.21202737068093688,0.036690678,0.016450904964391878
0.104687615,0.04939462030846592,3.1584208,0.2391955426585418,0.035930861999999994,0.016566112912995107
0.0914608925,0.06599900985784875,3.08042225,0.29139732177673866,0.033168569999999994,0.01775557331599337
0.0801625635,0.06486305996793118,3.0387835499999998,0.3000165126084254,0.032391280999999994,0.017676117704890793
0.076925415,0.044968193021729136,3.0262172,0.21422138578736397,0.03168496,0.01633358210004326
0.094379711,0.045444552305379415,3.1107156500000004,0.22404446569199438,0.03541958,0.0169363539576645
0.103986445,0.04540344819331206,3.1587481000000004,0.223716819764193,0.0368454115,0.016622509448368204
0.0896652335,0.040247176980549394,3.08934195,0.19788447628477365,0.0340366585,0.01624558487375222
0.09376448949999999,0.039425226853712116,3.1051824000000003,0.18625377218294883,0.033938080499999995,0.016214316144531473
0.093202834,0.034395860748040664,3.10822205,0.17525239797545328,0.034033256,0.01617387054920043
0.0898279025,0.04258902993516778,3.0896759,0.22113097698399503,0.033358924,0.01644036140562752
0.0900967565,0.043740846655150635,3.0918125,0.2157346656448885,0.033937349500000005,0.016689006288459485
0.079417485,0.07467383335776193,3.0422093500000003,0.3347154652923361,0.0322661395,0.01860966668883801
0.07238446949999999,0.0452978755542611,3.0207205999999998,0.19660629489981665,0.032426617,0.016392669300572833
0.055468004,0.05211451162893446,2.92856895,0.24465168357809616,0.0278343645,0.016507870424922293
0.049191396,0.04537438647619093,2.9140799,0.2225964392011488,0.027355862,0.01623047880046551
0.055889061000000004,0.059401687852725746,2.9266995,0.2805412138724848,0.0281206115,0.01700842172136483
0.052118622,0.047756258782588,2.91799475,0.21662455251276985,0.028883327,0.016279299540148187
0.051716042,0.04506782474798554,2.91427395,0.19800499889158257,0.0287119975,0.016121887156369048
0.0478269395,0.04521967968023362,2.9071808499999996,0.20244137103227444,0.028189454000000003,0.01656932844284939
0.046485398,0.04770479281354682,2.8925557,0.22659406015340652,0.027553746,0.01649317622601065
0.039892451999999995,0.039751681186331426,2.8323951,0.19596291360815957,0.0260527085,0.01579110816671023
0.0521737725,0.03950272220515047,2.9127685999999997,0.19899717053062715,0.027952143999999998,0.01614131169868535
0.056170052,0.04327482571466921,2.929145,0.20606627386733053,0.0283664615,0.01616675501595222
0.0567968895,0.044010686998956744,2.9381422500000003,0.2037064335171655,0.028910635499999997,0.016413304801757053
0.0634292695,0.046628836354713016,2.94763,0.23478805479506448,0.0294297715,0.016402176300095214
0.065572663,0.041179450266159115,2.9685648000000002,0.20451133850119468,0.029952102,0.0158022947459229
0.068222776,0.052515003846713156,3.00004355,0.23240275737733698,0.031344346,0.016629869927074742
0.081319638,0.0486654814603326,3.0603564,0.21236590855587478,0.0329277175,0.01704932864895638
0.088769295,0.04472686540543763,3.0866942,0.20285772726386164,0.033769416,0.01659636161581534
0.0950032955,0.04356399879334328,3.1101727500000003,0.19356490217594294,0.033939607499999996,0.016611846401720826
0.098172804,0.046546987481261036,3.12849355,0.22055026840991346,0.035006482500000005,0.016986504830818913
0.108106585,0.044378255672567875,3.1794746,0.22127991090200258,0.036307331,0.017045422563386113
0.12338336999999999,0.04338983116799407,3.2577078,0.19986519773874142,0.039174125000000004,0.01706722241079406
0.1236082,0.041975984601448954,3.26289225,0.2012026886997785,0.0387043235,0.01637666609049572
0.12261627,0.03924735385455438,3.26474945,0.20608996857496933,0.038461419499999996,0.016714304888672083
0.12443937,0.04158027896442995,3.2705672999999997,0.22010091782826907,0.039009677,0.016778467365027777
0.12129741,0.04917815139158619,3.24682855,0.25935451478587596,0.037920044,0.01666752492331009
0.122194175,0.05402815597473112,3.2510914,0.2718812723818166,0.0383448755,0.01718395397957954
0.12852941,0.0463744810402197,3.2836108499999996,0.22510799614931654,0.0389093415,0.017007986864452544
0.132136555,0.048759920399591004,3.305489,0.23805418208609144,0.040090889000000005,0.01706357263076951
0.15347975,0.05223544578337979,3.38999215,0.23804940225088192,0.0430958805,0.017729607153115206
0.16376973,0.049863568339547366,3.4486063,0.23837076519268405,0.0440816965,0.018380809945935304
0.16968303499999998,0.04539874979103256,3.49108385,0.22156383156972653,0.0455144685,0.01801985788677817
0.17845826,0.04480982833978015,3.5391655,0.20738127269783657,0.0478531665,0.018044786631534075
0.18555588,0.04643216919508007,3.5867026500000003,0.21803627099227027,0.0492025425,0.018262969773172297
0.20081039,0.051266733825442654,3.6302073999999998,0.2431901322483325,0.050434463,0.018827736304674155
0.20395616,0.0637612818965724,3.6516024,0.29622857754489534,0.050693706,0.019659109103178578
0.213155465,0.04570652806333765,3.6947749500000002,0.2200696746403853,0.051915726499999995,0.018292149544942675
0.21638823000000001,0.0470399970495006,3.7114009,0.220986684808171,0.052919081,0.018728465306892452
0.22607483,0.04676216168788381,3.76340615,0.22795651590440202,0.054835102499999996,0.01921125944804439
0.23371944,0.0627066488405526,3.7810727,0.3071742395133202,0.054502077,0.02053471717521387
0.23784107,0.04402750794439806,3.8004769,0.23367068069200075,0.0556074595,0.019344549993115766
0.25779759,0.04528822450857041,3.8871142,0.2431952835186034,0.057838723499999994,0.019382654369869006
0.26470629,0.050074455752521015,3.93287605,0.2739853106369545,0.0589793795,0.020192006334414144
0.284034935,0.060935618831721244,4.0237586499999995,0.3176587993577361,0.063080759,0.021001465870115903
0.29332181999999996,0.04602210994270785,4.0697854499999995,0.2269447404000693,0.063806744,0.019802814961572008
0.29756114499999997,0.0446225168026472,4.1041618500000006,0.22320947869863733,0.0637290655,0.019913411003569116
0.2980467,0.04778123362256149,4.10560975,0.23328299918457643,0.064385312,0.020612261077448953
0.30950411499999997,0.04479515598570322,4.16037935,0.21397857457223027,0.065667165,0.02005496522792534
0.30981232999999997,0.05090216252752251,4.1760454,0.2474031140188767,0.0653509535,0.020474385465529953
0.324911215,0.04816329172950954,4.22456225,0.2342504384921274,0.06714804099999999,0.020506428356963903
0.32509039,0.051319431571669794,4.2140416,0.2507177605993755,0.0677086985,0.020851810162702804
0.32352633,0.04933999283202096,4.22088415,0.24136273552565737,0.0683115825,0.02075000523746165
0.32550712000000004,0.061833861560174196,4.2243150499999995,0.30782605849720257,0.068410795,0.02138698563764667
0.33486471500000003,0.059905283424069304,4.27118005,0.299312231575577,0.068651981,0.02097862581466361
0.33554862,0.044042953904197345,4.2968625,0.22023632261018045,0.0709116805,0.02088914219516687
0.33764613499999996,0.03955112904320668,4.2942133,0.20313976665069633,0.0697164495,0.02041451601741206
0.343651555,0.043827932615034614,4.31497845,0.22474974040060933,0.0704692445,0.02063463769822552
0.34509817499999995,0.04288668135256631,4.3395972,0.21655919414133476,0.07092319799999999,0.020962907065457514
0.36352887,0.04683527704372381,4.4034422,0.22752981870716724,0.0733733325,0.020938427412346066
0.37477029500000003,0.04280973600590096,4.4723652000000005,0.214194702018346,0.0753395665,0.021440611176995354
0.37843398,0.042751960585252394,4.49197345,0.21188867037524647,0.0757099175,0.021029371831729485
0.38819122500000003,0.0349670718261961,4.55177755,0.19682639974753177,0.0764123475,0.02131586434797477
0.392799405,0.03792362687873324,4.55763395,0.21556470385344095,0.07717809149999999,0.02209762575004603
0.38769785,0.0349433193597993,4.55802785,0.18934435274381142,0.07722254249999999,0.02199449689110606
0.39570272,0.03798993238339111,4.5704501,0.20701229528037796,0.0778439195,0.02204586064716888
0.38785618,0.042683227118490305,4.5303474,0.22173979953531672,0.0761340505,0.02201564058773279
0.39258686,0.043439192443705865,4.574002,0.22167961248562693,0.07834522,0.02189986738805706
0.39515666000000005,0.040526776538521964,4.58200395,0.20417561728929623,0.078911124,0.021842854131657444
0.39356526000000003,0.04119162351653679,4.5849876,0.20376130001522116,0.0782311445,0.021998952272257535
0.40070646,0.04151563930042928,4.609359899999999,0.2123012259778612,0.0798987345,0.022396082976078938
0.40399622999999996,0.04058354925168293,4.61282155,0.2089565843998523,0.0794880365,0.022105098584968803
0.40342257,0.042080958501327224,4.6135495,0.2113376549589776,0.07921184149999999,0.022471414261767478
0.40509517,0.04254234411620755,4.6273574,0.21646177458991184,0.08087376,0.02241148855894121
0.40125237999999996,0.045765707276522044,4.6223012,0.22254428998503786,0.080652647,0.022657047703959272
0.401156415,0.05602506609582578,4.596397550000001,0.2862650404465699,0.08009527550000001,0.022571769589537178
0.411207245,0.03495420907404738,4.65615905,0.1935835282626337,0.080926845,0.022200668788084722
0.41440430500000003,0.043064463655329205,4.66273105,0.23291148690833022,0.0804906695,0.02250089151703869
0.414660725,0.040934871423057496,4.675557700000001,0.23038349160370475,0.0814891525,0.022578270335598755
0.42369712000000004,0.05992260598884529,4.725569999999999,0.3281613165490658,0.081716454,0.02409728270086846
0.42352732,0.04273652411286687,4.69189935,0.24478672385728287,0.0812539155,0.02270667974011302
0.41963085,0.040086738416405913,4.6878341500000005,0.23062944226088844,0.0808524565,0.022771642924284477
0.41737141,0.03839558901258847,4.6612819000000005,0.2183691446559209,0.08052074149999999,0.022435000774625066
0.413273895,0.042954980059827834,4.66122835,0.240753040474472,0.08127413850000001,0.02248667298819476
0.4033242,0.042329404305727354,4.61190545,0.23273363159130153,0.07947386349999999,0.02231596965516357
0.411151505,0.044136937307688605,4.666286599999999,0.22068647934919183,0.082503494,0.022649931681441884
0.404095385,0.04623190650935202,4.6134196,0.2326748136922566,0.0796097345,0.022383858878468908
0.39275781,0.047681960107156536,4.566198249999999,0.24469901438810268,0.0775394155,0.021637593254580423
0.38139814,0.0677164347782629,4.5104308500000005,0.3322398696181009,0.074581017,0.022692930426250552
0.37113912,0.04645895788615429,4.451801,0.23628829471353174,0.074155236,0.0214407442307788
0.35385038,0.04714305048332377,4.3829597499999995,0.25024323446318447,0.0725835535,0.021208179428162582
0.35195022,0.04623192080943189,4.37695185,0.2298144263743286,0.0726680355,0.02118384621077862
0.348449645,0.03890869644483872,4.35756695,0.205263864206449,0.07182221150000001,0.020909287218702128
0.339942955,0.04489539668881015,4.3070367,0.23738472225430457,0.0695415665,0.020969439391084314
0.31543139,0.04326070987412699,4.18321905,0.2318768631402618,0.065691736,0.020577025415496924
0.303088895,0.04248680621114822,4.13170395,0.20032296621986487,0.064132096,0.020145390339853568
0.28231788,0.04473576964173263,4.0295173,0.2194700863739368,0.061552548,0.019772148404563896
0.24688759500000002,0.04486977402865638,3.8791667,0.23747796881378566,0.057101732,0.018963010578993585
0.24107848999999998,0.038283127360409515,3.8420753999999997,0.20353146194172417,0.0561562865,0.01860599779840333
0.23252612,0.037587681974504204,3.7960466999999998,0.20720095242030354,0.054595940499999995,0.018370305720770586
0.22519249,0.03925908476923554,3.7406984999999997,0.21183760094296678,0.052997723,0.01798215031140327
0.20296672500000001,0.04288558756284999,3.62933225,0.2171464355481177,0.050266702499999996,0.0174655039141852
0.19169321,0.04427383745582948,3.5781707999999997,0.21041493630804867,0.048237952,0.017921776921522595
0.18726283500000002,0.04313025260033191,3.55301315,0.2136344813706474,0.047620157999999996,0.01802623885643959
0.18142834000000002,0.04304905206767708,3.53443735,0.21030514949886311,0.0469007885,0.01791056253933052
0.180305415,0.06507856649462958,3.5065933,0.31091861030936874,0.046184543499999994,0.01961267461435261
0.1677203,0.05104072551815945,3.45509655,0.23812897069242428,0.044862629,0.018181014942958797
0.16632702,0.050751080634791126,3.4559072,0.2358472291074503,0.044164234999999996,0.017547639774681278
0.17611273,0.04045243662687019,3.4959121,0.20994204046161036,0.0458807145,0.017890024402977465
0.16134509000000002,0.037220968116827964,3.41876985,0.18686057459394195,0.043373977499999994,0.01743746597591383
0.14799945,0.03831285865756556,3.36298605,0.20037407568559548,0.041822315,0.017355321115247995
0.13902205499999998,0.044374218953040306,3.3332198,0.21260390017248854,0.041138077499999995,0.01693127131969761
0.145703185,0.042792903330206,3.3514261,0.21161110255744456,0.0411808455,0.016929059769341243
0.154271725,0.043067952370965945,3.4143366,0.22068881013348957,0.0436001605,0.017615924600249893
0.1472179,0.052397161993203906,3.37274645,0.27166064697743414,0.0421315095,0.018313563284502492
0.145567955,0.03184504550743429,3.371671,0.16645020269121807,0.042586172,0.01691042880889355
0.13870422999999998,0.04159700337882666,3.3320762999999998,0.1900243300578615,0.041567667,0.017148501879805746
0.147629285,0.04115460962386993,3.3659713499999997,0.18879997775320945,0.04190842,0.016990762472701256
0.140404865,0.05373230600860614,3.3287383,0.24597734047906605,0.0408046975,0.017841184183535978
0.13575767,0.040694617748348906,3.3115475500000002,0.1826313171275014,0.040500103999999995,0.017069938373042756
0.13264407,0.041463596447886754,3.30509995,0.19452658712113335,0.0409994685,0.017090068804035772
0.129006445,0.04647524325945158,3.2903053499999997,0.21293360478746065,0.0397899205,0.017021334593946696
0.111615,0.04293917734327705,3.2242891,0.19697394718503028,0.03814479849999999,0.016462131865246744
0.10068646,0.03449939965976062,3.1427625,0.17375172392176186,0.035327748,0.016037935449869683
0.105142335,0.03322593217746642,3.1651048,0.17853745430340606,0.035807073499999995,0.016247025355022707
0.100685635,0.038885644012674074,3.1416063,0.2012833105838291,0.035083656,0.016861451158739025
0.10125559,0.04062969374151302,3.1473497,0.20547322142869132,0.0359263645,0.016596248574935482
0.0970289705,0.06521374592515745,3.15064255,0.32225079603733936,0.036098517999999996,0.018866384802336742
0.094201984,0.04987215848442879,3.1490375,0.2521952127861251,0.034697783999999995,0.01772069911492467
0.098312183,0.04016832798573546,3.1265654,0.20858710497259006,0.034904132000000004,0.016941343543843086
0.0937678625,0.03930930435101954,3.1137230000000002,0.2079132129039781,0.034669389499999995,0.01700753514354067
0.090368687,0.033523486571712315,3.08267755,0.1932683944445875,0.033664345,0.01642904170381521
0.086781389,0.03481884961636532,3.0745754,0.1923532730003144,0.033025525,0.016179378912139553
0.0870409775,0.0350545707931267,3.07199575,0.18746484070009936,0.032876393500000003,0.016004304123605546
0.07640527050000001,0.034637118123998965,3.0191936999999998,0.18623929574830675,0.030859611000000002,0.01613846249513842
0.0611601285,0.03438881064337619,2.95070765,0.1861240343699138,0.029216139500000002,0.016237722352610014
0.058648891499999994,0.03340119211783445,2.93806055,0.19287197919648275,0.0291254195,0.015986006040438126
0.059694147,0.034239660417048706,2.94997205,0.18975366287056658,0.0297396225,0.015913188698842944
0.059076075000000006,0.03751283685060878,2.94658625,0.18568252763176754,0.029119727499999998,0.016322589230034528
0.0640578285,0.041961790775165875,2.9636744,0.20516982534620937,0.02955383,0.01658086067275668
0.062873819,0.05596120208205765,2.9670705,0.2672022908691329,0.029777620499999997,0.016905247781574588
0.058159429,0.04742092831295662,2.9401363,0.23210548334853007,0.029491362,0.016353260072382234
0.0660633085,0.041330629325000416,2.9751852,0.19535685591579705,0.0304933385,0.01600660096732141
0.06770195849999999,0.04662827194918603,2.9839409999999997,0.22480016647129689,0.031109585500000002,0.016202605971313892
0.073552331,0.04015189368404994,3.0329998,0.18136740573263546,0.032386082499999996,0.01610799843705585
0.092597132,0.05327483457664967,3.1217394499999997,0.22923322378194685,0.0349215375,0.01691885228110283
0.09927972099999999,0.04360441363438035,3.16370555,0.19345374538065774,0.0363542965,0.016625437056273867
0.106028285,0.044831014978941444,3.1946403500000002,0.19129552929457339,0.037693905,0.01667502897625654
0.11365410000000001,0.04283480309195587,3.2330465999999998,0.19306989569140848,0.0379650855,0.01687577523493483
0.12364675,0.04409382246658024,3.2738446999999997,0.21375423561611695,0.03881414,0.01683475387355201
0.13169849,0.04371847045192575,3.3117775,0.20845796417772708,0.0410360695,0.016926255665326236
0.14193316,0.04139148557763682,3.3472066,0.18930056525059943,0.041720524499999995,0.01674291042028425
0.14652016499999998,0.046124472447024355,3.3797904,0.21440647407124486,0.0425088795,0.017458940614718338
0.15554182,0.05889907565913528,3.41813355,0.2832765223535399,0.043725181,0.01835779915649583
0.16712301499999999,0.0448281855588256,3.4798506,0.21218594144637343,0.045510233,0.017448352190682987
0.182762245,0.04537082305756801,3.55463445,0.19839583205168468,0.048539947,0.017538199237891745
0.18422442,0.04504136503340649,3.54642695,0.1923685190245986,0.0474703245,0.017453160529111986
0.187118965,0.0492923087125806,3.5482692,0.21982555152747713,0.046971365,0.01782821210638868
0.18377437000000002,0.04378079457108642,3.55897925,0.20067482403336015,0.04836505,0.017798154702246754
0.190954505,0.040901611848466676,3.5802260500000003,0.1936761207927086,0.048711558,0.017673770735316778
0.202815645,0.04983676258890964,3.6353003,0.24185773455881127,0.0493156115,0.01858261580409751
0.20348052,0.034387765120097134,3.6321725000000002,0.17866988069235934,0.050023161,0.017870759265053902
0.20480720000000002,0.042303242037804216,3.63015935,0.2009379633232696,0.050280887999999996,0.018022761387837084
0.20866758000000002,0.04208848710157391,3.6467503,0.19455496281997642,0.0503803285,0.01803244921505282
0.202573635,0.04783177910157296,3.62989565,0.21998854384851277,0.050366297500000004,0.017929347784052554
0.201321365,0.05263722113545805,3.6113606999999996,0.23908438643064914,0.0490245175,0.01825165518298985
0.19628704,0.07135561841754619,3.6080191,0.3396751362095585,0.0484667055,0.019146433074484763
0.193904525,0.04669602827422281,3.6028261500000003,0.21374061683502238,0.0492917625,0.01798768553665796
0.201040025,0.046134301952976915,3.6397486,0.2092783224231952,0.050710173,0.01808309417391697
0.19522302,0.04146199193201897,3.60645895,0.20334163606518604,0.048750234,0.018038454902503925
0.201756265,0.038215469699161723,3.6351448,0.20251841247916524,0.0501352755,0.01784516489078259
0.20244797,0.03678783930012134,3.6355718,0.18916929009313765,0.050123599,0.01792347820232421
0.20182440499999998,0.03734712970138652,3.62887065,0.19812849359245088,0.0498251695,0.017957458900747042
0.20087812500000002,0.035182136519765185,3.6255056999999997,0.18620808144919712,0.050416451,0.017903289838511728
0.213563475,0.04181719862399819,3.6967257499999997,0.23009108369851833,0.051770288,0.018354176880811326
0.22836494000000002,0.05402343820217428,3.76396,0.285765450055168,0.053528986,0.01944048686488414
0.23684912,0.03366543256578579,3.79942425,0.17171910872352364,0.0550891485,0.01832524107671313
0.24246436500000002,0.043132644972415514,3.81548225,0.21744519464635276,0.055720624999999996,0.018981281354610795
0.24353169000000002,0.04782341186194497,3.8316855,0.2449201328426213,0.055908411,0.01916366951379716
0.24940765999999998,0.06137138822348198,3.84828505,0.3087029079336588,0.056453356999999996,0.019806700255556524
0.243376915,0.041863107005328214,3.8371689499999997,0.21703085689229693,0.055826091,0.018889960689544377
0.23946312,0.038557772267996906,3.8351642,0.19193580368879878,0.056257217,0.018504490373516667
0.24198258,0.03648003775794822,3.8399711,0.18734361615916492,0.0559368225,0.018507881571162062
0.24294441,0.03616284612626341,3.8340054,0.18661206694271743,0.056230067999999994,0.018440823772475023
0.232473675,0.05101180310907345,3.772193,0.22922739690415947,0.05328865,0.01882665556664422
0.227250915,0.04133012065655129,3.74730925,0.19099406104941322,0.0535182045,0.018311431999789563
0.22636109999999998,0.03783629942742601,3.74266855,0.1887970439910187,0.05352464,0.01835311627464232
0.22727060999999998,0.04689448852668813,3.7515732,0.23154820428808667,0.0540237565,0.018816028183849854
0.22424525,0.05603427714827591,3.7566416499999997,0.2807436711598391,0.0538978655,0.01944107370132996
0.24226821999999998,0.04287691891534804,3.8318056499999997,0.20097286586247542,0.056062387500000005,0.019111941841314272
0.24443164,0.04706597630367408,3.82378195,0.21480583042788942,0.055722085500000004,0.019100875143859126
0.240768975,0.04551713475826644,3.82191115,0.2149160063751264,0.056388785999999996,0.019275301657771724
0.24495092499999999,0.04802137736929646,3.8396157000000004,0.23229081531208357,0.056952226499999994,0.019399016578331107
0.25709337,0.04599619124957917,3.9023642,0.2412073804494389,0.058484103499999995,0.019471376054714395
0.27451137000000003,0.04568864940261576,3.9916755000000004,0.22900406069570017,0.060114845,0.0195218408319654
0.28852179499999997,0.04039110042951884,4.0501897,0.21314481811526462,0.063116616,0.0195292420640574
0.28954552,0.03897300478865485,4.05778905,0.20868011829840408,0.062837452,0.01957799542100813
0.29274242500000003,0.04174192661776646,4.066451750000001,0.20803567531442074,0.0627286465,0.01980321238610209
0.286656225,0.05179188677701382,4.024801200000001,0.25155600373089115,0.061677461,0.02041469332872647
0.28838277,0.05680544561600881,4.0398496999999995,0.27770601220318136,0.061640258,0.02087603791036745
0.27930151000000003,0.05321985316640913,3.9885034,0.2624251630948311,0.061542267,0.02034154449237632
0.26380264,0.06685178620287187,3.9247688,0.3167561539182172,0.058723882,0.0203863963474496
0.26708107000000003,0.05071819704123972,3.9374656,0.2358291342302121,0.0594117535,0.019269513118008237
0.26802695499999996,0.05097384000364098,3.9425542499999997,0.24299113971483485,0.058998798000000005,0.019160211118228437
0.262127035,0.06053641537440237,3.92013035,0.279268455978706,0.058595597,0.01935100326481215
0.26200814,0.0775929413277825,3.9298861499999997,0.36336580479882785,0.058043442,0.020543534595970324
0.26439029000000003,0.058567603451005805,3.9236767500000003,0.2677930143696978,0.0590371475,0.01943678303078097
0.262471835,0.05764082788209697,3.9073890000000002,0.2609040353599403,0.05833673,0.019613207530298847
0.26628193499999997,0.05212651794312779,3.9294439,0.24833186900957413,0.058934166999999996,0.01982512871346486
0.27134007,0.049036498752421054,3.9576568500000002,0.23233570861793576,0.0602757,0.019719370060456713
0.278786165,0.045944406629332205,4.00609435,0.23078160577353204,0.06138199,0.01986780095698427
0.27799193499999997,0.04415585856152629,3.9942087500000003,0.23057421662101102,0.06142787500000001,0.01974128204339864
0.289293865,0.055589120394842935,4.0620773,0.28319973340368787,0.06305420249999999,0.02084188157719856
0.28932209,0.06712819818913691,4.0530025,0.34183870676625805,0.0626780425,0.021357211911630532
0.30419014,0.058672232990540335,4.1423524,0.30757158216344044,0.0646639285,0.020941329164647877
0.30852029000000003,0.05191070625160997,4.14988035,0.2580961255562268,0.06648409999999999,0.021041848799102737
0.300768535,0.046596329057966734,4.1047143,0.2376383837465526,0.06488289650000001,0.020188433682182743
0.304249545,0.05301432208638787,4.1281555,0.2702473380706012,0.06530251449999999,0.02055323822748105
0.32509308000000003,0.06711781043197239,4.2380221,0.34084671419339146,0.0678897685,0.021924278531661377
0.322643685,0.06170624138892628,4.210798199999999,0.3120752070180164,0.0676860605,0.02166919062752454
0.31723479,0.05209686747133358,4.1790062,0.27212207732687743,0.06621133600000001,0.0207705706651884
0.31311715500000004,0.052734850900282876,4.19598035,0.27156095614922293,0.06674900149999999,0.020395978651653837
0.322091825,0.05427315539827516,4.2176646,0.28476300438867813,0.06699440400000001,0.02115308051876894
0.321285,0.05849051767655009,4.22347365,0.28657520355577465,0.06735206299999999,0.02132690523618087
0.327197925,0.05491123163462819,4.24721775,0.28562536744104716,0.06770559,0.021476220116373887
0.31914194500000004,0.04673726364374085,4.19178825,0.24557553335444587,0.06690693,0.02079560674188939
0.3220039,0.05250564014639351,4.2304350500000005,0.2752062159955054,0.0680874745,0.020946333434725007
0.30858298,0.07022391887015525,4.16297835,0.34537086415295315,0.0655830385,0.021556444462325346
0.31130880000000005,0.06042789420635104,4.1754278,0.27669439265744894,0.06610364099999999,0.02069300293044806
0.316242945,0.06274389495008294,4.17396945,0.2903133156455857,0.065949781,0.02104723771900725
0.32481837999999996,0.058685503685085655,4.23801135,0.28363326874786093,0.068316232,0.02072403853859796
0.31920137000000004,0.04969645826410258,4.2091896,0.25238530164644174,0.067666537,0.020291180894540014
0.32186334,0.05360933019739297,4.22593545,0.26522171623755125,0.06803795900000001,0.020509741282097472
0.335686955,0.05612651469251208,4.272053,0.2776227992690947,0.06910530649999999,0.021016297768931273
0.33520062500000003,0.04402753995320912,4.27959855,0.21529294186216502,0.068609227,0.0203416953442556
0.32921655,0.04324338602716304,4.249763550000001,0.2281471285849293,0.068235465,0.02083327989143264
0.33046065,0.052316039362568165,4.270857599999999,0.2522431962597782,0.070162437,0.020960086977647428
0.31922318,0.05480193858133415,4.226572900000001,0.2501777513979987,0.0694683165,0.02117403293374618
0.31376728,0.0647306300292665,4.20968585,0.30557165929736185,0.068514047,0.021770410379015087
0.30922731000000003,0.059556605695740325,4.17547975,0.28760925563399986,0.067379316,0.02105760658074792
0.303408725,0.06820911417045825,4.1370773,0.33552152562409276,0.06558854550000001,0.021465409891838132
0.319297425,0.057098511905296884,4.2009796999999995,0.28620075773054293,0.066567824,0.021386785680542194
0.30449455999999997,0.05965173233460754,4.153465349999999,0.2822587854512799,0.06550063449999999,0.021154413584530237
0.312624925,0.06043771167322286,4.159488550000001,0.29118773743505044,0.065705468,0.021450002058781354
0.30532941999999996,0.05665255327073041,4.1389606,0.268737139653261,0.0651499965,0.020762467559848716
0.304562245,0.05832277428898906,4.1309542,0.28236163155601024,0.06467423450000001,0.020854750371815552
0.29743432000000003,0.06305949703817211,4.08771,0.2950858756206004,0.0636682815,0.021098748357700838
0.29813531,0.06354074888300777,4.1003694,0.30084487996750564,0.063635955,0.021432248291608353
0.28765806,0.05981753908192698,4.056058999999999,0.2764106427793562,0.06270237249999999,0.020605828180386247
0.283393145,0.05166012926720731,4.02992815,0.25878696952119296,0.061609228,0.020319246334580297
0.27685144500000003,0.04775404441702209,3.9957918,0.23849159239259096,0.0607531605,0.01978015485327522
0.26910405000000004,0.06198073060001491,3.98927735,0.28514033373619907,0.061051972499999996,0.02036175969832442
0.265299915,0.06953901439942035,3.96074795,0.3266174813250789,0.0602397825,0.020672764293764606
0.27428622,0.08512682926767991,3.98904545,0.4076826183470498,0.0610288725,0.020957249428349825
0.278146625,0.05563354363508983,4.0150773,0.28235140728641367,0.0623716465,0.01984062850567711
0.2782009,0.053223572270115115,4.0054153,0.270521831388818,0.061290766999999996,0.01961232049259419
0.276289305,0.048604059029531146,4.001098900000001,0.24490623479701135,0.061466467999999996,0.020012452078654618
0.282157165,0.045066151114790315,4.0247250999999995,0.24769285478633726,0.062689476,0.020230819588271057
0.27927678499999997,0.04264179195506793,4.0149513,0.22503658539151386,0.061115999500000004,0.019756350121271814
0.27877284999999996,0.045284923013889235,4.0005581,0.23366560609138784,0.0611058435,0.019278139415223747
0.25948588,0.04875654233111995,3.8871096,0.22583118576666777,0.0574614445,0.018537214657363972
0.24879685000000001,0.045203813305103896,3.8684493499999997,0.20766307042155452,0.05725591,0.01841077617158041
0.25680881,0.05707229293723459,3.8898729999999997,0.26112154121675135,0.05709911300000001,0.01938844536004386
0.245231905,0.05048457937700985,3.8390834,0.2354942636651058,0.056747725,0.01903321912713998
0.23017539,0.05458626798252441,3.78419115,0.24913882660194783,0.0555996515,0.019007131286669473
0.22530527,0.05602376427873017,3.75287325,0.2648132150126986,0.054465152,0.018979455380508
0.224885195,0.06330420074493183,3.7474531,0.30935474600654667,0.0541067915,0.019709777548341627
0.21398747,0.05277466101154243,3.70069025,0.24900469195309513,0.0521439395,0.018804120705462907
0.20395146,0.05167764975817781,3.6406335,0.2490453328066493,0.0501493355,0.01864576682459634
0.17938005499999998,0.05338494891523302,3.5081363000000003,0.26438055668982624,0.046075927,0.01895084373357545
0.16592033,0.048794484669212816,3.44569995,0.24529892592507155,0.044258037,0.018223170162894528
0.161545245,0.05043844797650025,3.4212512,0.2522025704959359,0.0436434,0.01799434747929874
0.13461657500000002,0.04538647362322147,3.3100611,0.22469527531950045,0.0396540665,0.017118329219952336
0.126210045,0.0502107983690019,3.2822313000000003,0.24150241424827448,0.039060712,0.017350242009457836
0.118168465,0.05770395797295887,3.23103845,0.2864376124707359,0.037584229499999997,0.01767446010932435
0.10444413999999999,0.06605950325769795,3.17721785,0.3390402862021447,0.035045740500000006,0.018344978931996974
0.106382735,0.04024576386680407,3.1745520000000003,0.20774781188354885,0.0361976205,0.016601408889164053
0.097185324,0.047411381741750566,3.127033,0.23081309301571193,0.0348982365,0.01648516773908541
0.099950339,0.04797635692977058,3.12582585,0.2291151800137155,0.0350753755,0.01614252609991724
0.10448995,0.05862158957048605,3.1654566,0.28305477735440515,0.03574113,0.017673947020976858
0.10731848,0.05177783083162075,3.1699148,0.232686481871152,0.036057890999999995,0.01718197939336782
0.10246960499999999,0.04790589771578461,3.1463710999999996,0.21398434274455982,0.0349654915,0.01729458225868519
0.097175179,0.053087415758138336,3.1268172,0.23672767395159008,0.0350956935,0.01700025923867825
0.10667925,0.052222105496105224,3.1573079,0.24016089928316348,0.035344552,0.017007251654831964
0.11113647500000001,0.048554352900985094,3.18814535,0.242492679630209,0.037082806499999996,0.017137297494295062
0.108369,0.04455198687430895,3.1789244500000002,0.22418280029033932,0.036268903000000005,0.016872341770233393
0.113485135,0.051735381793598434,3.2100964999999997,0.24120607390498447,0.037560747500000005,0.017416110787334384
0.114740015,0.060261309725044857,3.2092715,0.26503370967648715,0.037502849,0.017981037821952484
0.124995275,0.0699301644289989,3.2761402,0.3196890808718503,0.0382022835,0.01863925353160764
0.1479986,0.05222480100684105,3.3594351500000004,0.22878908363520134,0.0408235815,0.017262687867806544
0.155926685,0.06416029890225625,3.4078052,0.28019436629340017,0.0424741805,0.018166424707658606
0.16566397,0.0595742337474235,3.4528419,0.27077002298160163,0.0438508915,0.0178591068715133
0.1754112,0.06914493596735494,3.4935637,0.31656673474875935,0.045588861,0.01880823277156066
0.18999305500000002,0.054086029717979885,3.55554515,0.2536928360954756,0.047601167,0.018035035446714528
0.19333646999999998,0.0585740643892866,3.5504120500000003,0.2787031857626836,0.047220497,0.01859732224313869
0.19911145,0.04730387137834544,3.61841215,0.23259973072236476,0.049423646,0.01781384432903809
0.20220895500000002,0.05424879887221704,3.6456032499999997,0.2537129048170573,0.050649129,0.018729506391774675
0.21745366,0.050645604313299564,3.7212016,0.22884300282050168,0.053003452500000006,0.018948255777809304
0.21939959,0.04846733339007497,3.7332681,0.22353496566682846,0.05315127,0.018452312289669343
0.225803805,0.03984701446399944,3.7338062,0.19053865846117837,0.0532114195,0.018057139052789196
0.22713758,0.03902285712717256,3.73817725,0.20186206574810367,0.05296837,0.018199385278641032
0.23126607,0.04425593188177514,3.76337235,0.22517942477056038,0.053950029999999996,0.01837576607978543
0.224883785,0.04126853370016998,3.7312668,0.21226791250593574,0.052825284,0.01876499361947928
0.224095995,0.04575988549209521,3.72034865,0.2381594747896749,0.052849602499999995,0.019166787198580733
0.21014838,0.044711812870874175,3.6726284,0.2287614451888364,0.0515595685,0.01861462324066259
0.20146303,0.060567640950688756,3.63528555,0.30372111708031113,0.050220899,0.019523473537529402
0.20301244000000002,0.04804396394013784,3.6612494499999997,0.23330380752765437,0.0515646305,0.0187205672673453
0.17987215,0.051446616856655004,3.54362145,0.2545880448873072,0.0469577655,0.01838372572211286
0.168685555,0.044360571896241555,3.4712625,0.21486241304540354,0.044812488,0.017646462150201384
0.1679798,0.04565939809378561,3.45573095,0.2107415755271497,0.044964369500000004,0.01793404591103525
0.1572349,0.04304618605015818,3.40280655,0.2092616953278908,0.042778312,0.017381278043763406
0.15076117,0.04280860826447909,3.40559735,0.2189620151942563,0.042881006,0.017172223628728528
0.142587105,0.04644553956432289,3.33794705,0.22683737491671951,0.0406245555,0.017255205061423994
0.13916789499999999,0.04915576214261732,3.3251754,0.22857908963310836,0.0411968355,0.01716369475032896
0.157909615,0.05695933056797194,3.4137135,0.3002351142835047,0.0444687795,0.01905779286062213
0.15157153499999998,0.037447797661841496,3.38599055,0.18775997980020684,0.042029355500000004,0.016652682150386976
0.14758524,0.04500341414855489,3.38417045,0.2087177821433513,0.0425436025,0.017382337459917106
0.160598505,0.048492289510250156,3.4311495,0.2245361976075183,0.043947159,0.01805671555358419
0.17688934499999998,0.05675330264585886,3.50746205,0.273709764167592,0.046326065,0.018419735709323704
0.18324404500000002,0.04909307992475034,3.54073155,0.22092528818508006,0.0475806455,0.017460398983050573
0.17667601,0.04545929716894289,3.5055804,0.20659837667801534,0.045911165000000004,0.01701142164223209
0.173731015,0.03957662643684433,3.4947699500000002,0.20184016570991306,0.045453797000000004,0.017314240955293422
0.16879270000000002,0.05182672306603904,3.48785605,0.23513352446771,0.045249974,0.017476251395125816
0.170953685,0.04994752924259443,3.50239315,0.23239635237629025,0.0455538165,0.017317214342545496
0.169513815,0.04475916645395166,3.4825634,0.21923026211427774,0.0453950655,0.017315086373992598
0.17049069,0.04016175070905664,3.4866759,0.20880160043057994,0.045597778,0.017553756837173872
0.180501765,0.05156343055205465,3.5180176,0.2742874538422306,0.046372986000000005,0.01843712385243014
0.17247233499999998,0.06941067936666893,3.50539295,0.3684248561656938,0.0447072325,0.01971764799779784
0.172990265,0.0542728668404085,3.4884994000000003,0.28304282820485327,0.0452662825,0.017997050701306114
0.16947968000000002,0.0566957060380869,3.4590199000000004,0.2685034549568283,0.044591989,0.018368015407112994
0.18364825499999998,0.04841130995438394,3.53983465,0.2357711433753861,0.0475845545,0.0179283693341915
0.19691651,0.048715096871614565,3.61078565,0.24131051942023715,0.0501904135,0.018384315548498453
0.200516155,0.04378494263475154,3.6300035,0.2216518489763539,0.0505557005,0.018144148748843007
0.198894955,0.04354739180903059,3.6071431,0.22327951314971967,0.0492818405,0.017581638007822926
0.19480096000000002,0.04174913060218635,3.59888265,0.21419105913188696,0.0490897105,0.017632553646121884
0.20027077,0.046580333100679355,3.597382,0.22427522377160075,0.04871733,0.01810513340722847
0.21497644500000002,0.03550346245261034,3.70205275,0.18996099331342914,0.052565938,0.018238321082101133
0.229267505,0.03941082901107956,3.7587754,0.20104085965273205,0.053812542,0.018412572234927305
0.24152403,0.04146288470244009,3.8242048,0.2071881820185102,0.055992651000000004,0.018650842162823717
0.263712365,0.04759816649383173,3.93756515,0.22840081591864464,0.0595641635,0.019283378679071584
0.28174231,0.07959679756869235,4.057579199999999,0.37147404881173157,0.0633482445,0.021168169891334528
0.28744159,0.054941147065187275,4.0675007,0.25813081067179283,0.06354165249999999,0.01988377651147102
0.287176215,0.053621462595450316,4.0667746000000005,0.2416079900668519,0.0644969065,0.019994696796613337
0.29786159,0.04522815966528638,4.09704215,0.22220679732808463,0.06353210349999999,0.019833870306236574
0.30605251499999997,0.04758007220194465,4.14176735,0.2379269315822105,0.0648693345,0.020584646890599204
0.312420795,0.043318583612694354,4.16748345,0.20945363772098285,0.06542969,0.01996477876999803
0.31360517,0.04673177449303561,4.1845322,0.21957017860243605,0.0679234295,0.020690385491250206
0.317971035,0.042116995889071536,4.1961024,0.20850131476186048,0.0672556355,0.020417619870534844
0.307106495,0.04509624572136726,4.1580793499999995,0.22175928068238582,0.066147916,0.02050656353663434
0.299549025,0.05485683423283434,4.123309900000001,0.27791152257912005,0.0653562295,0.021079278741868254
0.29549486999999997,0.040397047480365614,4.10581595,0.20312761593982656,0.064196878,0.020127616677613255
0.305056695,0.04299517186800005,4.1230981,0.20290351642977522,0.06497054899999999,0.020282823991284768
0.29563273,0.04595314413982109,4.10279035,0.23635623921314372,0.0635958935,0.02062398486610879
0.30123126,0.059836511558073555,4.11804415,0.2996502329740388,0.0650910875,0.02147238889725052
0.301182595,0.05043738005481144,4.11186155,0.2511642751481178,0.06498991949999999,0.020606264566620854
0.29475075,0.04083485540798688,4.0825212,0.22358090320134924,0.06427595050000001,0.020114417061823268
0.28333523,0.03925981324131529,4.02956045,0.1950778840119387,0.0622809945,0.01944997565662022
0.287905655,0.04703269773668181,4.0441479000000005,0.21700027920257806,0.062984212,0.01951613913403697
0.30596042999999995,0.040340829511608514,4.128515,0.22076361340165068,0.06570748800000001,0.020039430762026668
0.292086185,0.037959045919311346,4.0722115500000005,0.20954850244582002,0.06302274699999999,0.01966043693368845
0.289136895,0.04645728088145605,4.05262785,0.2469551149544629,0.06291005399999999,0.020134355912190826
0.28713126,0.0451786679684725,4.0642133000000005,0.2276889172049866,0.062751591,0.01974088867343129
0.29232783,0.04413097361532734,4.09072875,0.22148612104297072,0.0640855165,0.019634105129985806
0.2807056,0.045574666565630716,4.02906955,0.21231878033628737,0.0622512105,0.019708073632553797
0.26504258,0.0451323611019382,3.94845345,0.2138211307903569,0.060310647,0.019153933098134922
0.26014737499999996,0.046915247848414214,3.9239252000000002,0.22883207706052752,0.058566110000000005,0.01862838162966754
0.25998710999999997,0.05333000492991971,3.9119203999999996,0.2546937005984407,0.058696008,0.018924999064506023
0.256018215,0.04194637164773288,3.90960705,0.19406770336964282,0.058909309,0.019157550689560487
0.251409575,0.04378294115119465,3.8771138,0.2040839617137867,0.0576815705,0.019182966928763815
0.24438818,0.044171965103473196,3.8394431,0.21081843586494664,0.056892833500000003,0.018753843211581158
0.23579061499999998,0.04713826751704855,3.78900055,0.21892661970212865,0.055522259500000004,0.018786328192984404
0.213153545,0.04652280520481645,3.67896125,0.21489667179840696,0.052656441,0.018325704276314123
0.189637285,0.04414719862422271,3.5725753,0.197685302197321,0.0487793425,0.01780396686143489
0.19098364,0.05037257939602139,3.5631364,0.23777143115462837,0.0471196655,0.017825094891532445
0.174586995,0.061922083936880104,3.48739155,0.2771257115788868,0.044849859,0.01810517951201255
0.17287232000000002,0.0647508889418122,3.48367725,0.3061567651645034,0.045508585000000004,0.01859355579116281
0.14863431500000002,0.0453058434187475,3.364959,0.2104544768000335,0.0421360095,0.016856854575751274
0.140325765,0.04861445210271036,3.33101805,0.22403992192392858,0.0405797455,0.016885162967452988
0.12998300499999998,0.046635991579160915,3.28465875,0.23011686605789933,0.040194284499999997,0.017103684466914182
0.12797068,0.05888778753972954,3.27177505,0.2795663924273992,0.0392612915,0.017659563682081048
0.133735135,0.04485331842503429,3.2973591,0.22354733208549468,0.0405889705,0.01736373830697603
0.120667025,0.04213640885956024,3.24658715,0.20537026021442353,0.038361821500000004,0.017063304957068433
0.103682365,0.039345029103728356,3.16948965,0.19120831632469706,0.0366492745,0.016286766221163318
0.0985656225,0.038489797447865244,3.13919185,0.18974649791947307,0.03557315,0.01647858016961226
0.0962864735,0.04151010977889165,3.1306946,0.20342458538812008,0.034874263,0.01651872596804857
0.079470004,0.04845585652595038,3.051919,0.23823893162939996,0.0325594045,0.01609821715619619
0.06843864999999999,0.04375477188580688,2.9977538,0.20698328553419876,0.030368619,0.01626729420915438
0.066694722,0.05584618063878325,2.9801845,0.25764003554818593,0.0301175995,0.0167220402313705
0.064802757,0.06324548442181992,2.9694191500000002,0.29930704224795035,0.029853465500000002,0.017735341824175497
0.0454083695,0.05202272158646872,2.87840805,0.251611760546185,0.026355759,0.01670575335421452
0.014611847,0.06477592056875704,2.73918775,0.3063890197515073,0.021831604999999997,0.01749453753142332
-0.0021915109,0.04573440488957204,2.66070175,0.2138576247426675,0.020786435,0.01631186081255871
-0.0242474555,0.05752187818541207,2.5292172500000003,0.26667008166331646,0.015959781,0.01659832339898557
-0.050094539,0.06068434230458707,2.4169623,0.26343277236442525,0.0121083895,0.016403848017665392
-0.0860315265,0.051238767312684626,2.27588175,0.22605104063485273,0.00839274115,0.01595101463051507
-0.100437055,0.0559574338666525,2.21358045,0.2591582177956587,0.0068198097,0.01643877956953065
-0.11355752499999999,0.05690343710630478,2.1305074499999996,0.253229378179823,0.00454002305,0.016162895579578604
-0.11912777499999999,0.044234268256077895,2.113335,0.20052095407244738,0.0040164580499999995,0.01599435581494626
-0.129841435,0.04822283668843675,2.068984,0.22222097854039521,0.00209291375,0.016146013043453967
-0.14391648499999998,0.051121557958583495,1.99632815,0.23122192848815332,1.55915765e-4,0.01650080294039093
-0.15094731500000003,0.05369274118393363,1.95496325,0.23601003800169326,-0.0010779753,0.017126865684987776
-0.17477409500000002,0.07333516524472239,1.8397267,0.31194784651128005,-0.0053747371499999995,0.01851231893384104
-0.17697478,0.053641624364486086,1.84267455,0.22370182813617315,-0.00510211385,0.016955069661604535
-0.180102925,0.047759037203338885,1.82923685,0.21891057691981342,-0.00426737925,0.01676995282482294
-0.198560525,0.05014842357010141,1.7503663,0.23360748920435342,-0.0078158966,0.017035583227656262
-0.20852647000000002,0.05412016118580564,1.69444435,0.25353139666527735,-0.0088297211,0.01772151394052227
-0.24778709,0.044235709349231614,1.5142741499999999,0.2162380221627607,-0.0153536765,0.017179200520998687
-0.26495137,0.0501944700718939,1.45779695,0.23620680101421151,-0.0181010145,0.0172205693296897
-0.29786521,0.045638638888709226,1.28553645,0.2223317316392539,-0.0226695905,0.01797058026627466
-0.314289255,0.047767968079865934,1.21774345,0.2269705980310967,-0.024603996,0.018423275246076457
-0.32941392999999997,0.046965691580380636,1.15456305,0.22791353243000095,-0.0264856895,0.0187032989289611
-0.341030255,0.05076197144071764,1.10466235,0.24632382532099023,-0.028004770999999998,0.019461907525141327
-0.35127655,0.053533065820369805,1.0446678999999999,0.25797676647172163,-0.0294662335,0.020189215014168798
-0.35703877,0.05162389983380828,1.027548,0.2620029320026067,-0.030358322,0.02032975269878835
-0.382696495,0.06168585974037956,0.9148533050000001,0.30650108458292985,-0.034218587499999994,0.021270590218535237
-0.392769655,0.04057220157205695,0.873147465,0.21206400221089486,-0.0358391535,0.02032250195903755
-0.41282374,0.047429824514593606,0.771431905,0.22036668592766756,-0.038616107999999996,0.020766113675268146
-0.425650275,0.0584825407224718,0.71067255,0.25791142105545417,-0.04158543,0.020888303978654005
-0.4382423,0.0671038011901326,0.64793469,0.2974449333656219,-0.042868751999999996,0.02201449213165612
-0.458629965,0.05975009199258849,0.54343575,0.2869438728167802,-0.045405512999999995,0.022314978280805125
-0.496704125,0.057843648536031335,0.41521647,0.2723486712412341,-0.05022238800000001,0.02330886801002351
-0.51286354,0.05590449101170791,0.35403486500000003,0.2751390148926491,-0.0526871125,0.023535952810492332
-0.5309856900000001,0.05285699512935678,0.26553399499999997,0.25890081612127197,-0.056093791500000004,0.024062551943153557
-0.5453421700000001,0.05359438533343665,0.18878787,0.25995110513390735,-0.0581283945,0.02424565673816888
-0.578228175,0.04873202606687363,0.061034859,0.24649590112354522,-0.0626052885,0.02486088810481575
-0.593010985,0.05509901896653303,0.0061682557,0.2766796581636914,-0.06351754500000001,0.025845843524385112
-0.5981267800000001,0.05204095707610672,-0.027560505,0.25689087613686673,-0.065062736,0.0257003067503326
-0.605243065,0.06474194817781578,-0.068527401,0.2838439496570827,-0.065666956,0.025886595630982636
-0.6189008149999999,0.05471647290548297,-0.12371656,0.2479331882304519,-0.0686525625,0.025631340932265795
-0.6289185399999999,0.049111957002343935,-0.160141795,0.22677734601063818,-0.0696860915,0.025707601984049103
-0.63604954,0.05032544413889043,-0.17664879,0.23811558831113458,-0.06927805000000001,0.02617077387498989
-0.6405068,0.0491321062688894,-0.210947205,0.22448577461000196,-0.0710983145,0.026423245844274468
-0.651390355,0.052914662576532476,-0.27358185,0.24135927392020998,-0.072603307,0.027510506084126047
-0.666384155,0.05467819371089612,-0.33197807,0.26209772925982017,-0.075105439,0.028141329045810373
-0.6828755799999999,0.04974379665563386,-0.39040166,0.22803873343518416,-0.0770855785,0.02793529513112323
-0.6922306300000001,0.050283218111538644,-0.43521213999999997,0.22589969819618877,-0.0781489675,0.028439322832100666
-0.704250855,0.04669513699923214,-0.46735673499999997,0.20771652409852706,-0.0794427435,0.028219255809491205
-0.717454865,0.046397178972620114,-0.51879067,0.22522508505092637,-0.082085117,0.02827307862401579
-0.7228931300000001,0.05118659891000839,-0.5483638200000001,0.2446809865815062,-0.083213444,0.02851999385649656
-0.7227233150000001,0.04737771664269611,-0.5612727200000001,0.2264788082451693,-0.0832378785,0.028905092257740152
-0.7344388900000001,0.06419312787351748,-0.611288855,0.2960993904452747,-0.08514616650000001,0.030520241149954153
-0.741735,0.05973376927189709,-0.641572325,0.28432743006755185,-0.08532008399999999,0.03006663744656968
-0.750093245,0.04928449735873286,-0.681060455,0.24387783422991738,-0.0869940475,0.030294518267127313
-0.76785528,0.05294144819007321,-0.7510157550000001,0.2561351675752785,-0.088608283,0.030852004837166425
-0.768357655,0.056033644748895675,-0.762876925,0.26607915596132553,-0.089518292,0.031833511400597016
-0.773403515,0.057337682693256356,-0.755110935,0.2726656284917201,-0.0899706955,0.031269850735415404
-0.75526365,0.04683138045906393,-0.695149645,0.23261900217667106,-0.0872136315,0.030321329110756336
-0.744553125,0.04523822225133675,-0.6590517650000001,0.22534418957770114,-0.0869376735,0.03004090684485272
-0.74505741,0.04323376957789892,-0.652056705,0.2108473160675134,-0.0870130985,0.029537903748228365
-0.7278251950000001,0.06223852000660939,-0.584523575,0.2941979628903891,-0.084607769,0.02937634543783237
-0.7152937800000001,0.044841088146350926,-0.52192583,0.2127114220644513,-0.082386682,0.02815471286115681
-0.711765615,0.058296733626393024,-0.5342819400000001,0.26361449553309846,-0.08279571399999999,0.029077982864205744
-0.6885230099999999,0.055459002110967104,-0.42134446000000003,0.25133465612175143,-0.0787040165,0.028304495271627813
-0.6711967299999999,0.06889734485807222,-0.342505845,0.3196334224777295,-0.0751334865,0.028376988958246016
-0.675062525,0.05705865563247168,-0.34506029,0.2711297500020567,-0.0764835325,0.027998145629571092
-0.6721650699999999,0.06328837542784946,-0.341668505,0.29795821630674063,-0.0767609575,0.027773332350364072
-0.6519986,0.05581727463756321,-0.23926405499999998,0.2544275856121798,-0.071815145,0.026968981088878193
-0.6234309849999999,0.05747995633914542,-0.17093186999999999,0.26406495518569373,-0.068954581,0.0265677955101221
-0.601804,0.059075658941184626,-0.056464912,0.26225251113688464,-0.066297684,0.025849315233183255
-0.570652865,0.057793945258321315,0.0882207685,0.25264673783406705,-0.0618666295,0.02542025047809814
-0.540932395,0.05519639044235921,0.23062782,0.24708614959528383,-0.056720119,0.02476649436477354
-0.5257866200000001,0.05587520100496526,0.28148461,0.2523100961973456,-0.054929072,0.02365730115339728
-0.49472012,0.06641432394140746,0.43129649000000003,0.28258933283741744,-0.049577985500000005,0.023415309413439753
-0.47475094,0.054828253566243657,0.5039151399999999,0.2525274100957347,-0.047764099,0.02285416678447976
-0.468231915,0.04933830496579795,0.521768325,0.23772335712765774,-0.0470181095,0.022421391187951854
-0.45491393,0.04834509081857102,0.591032895,0.24694453785460685,-0.044792228,0.022388111591219024
-0.439114315,0.06042980565644915,0.663280125,0.2932288125351811,-0.041742159,0.02256845947635874
-0.43360591,0.05489873479245772,0.6909119100000001,0.268779561049471,-0.0414046225,0.02226282797010314
-0.427995725,0.048789853107320466,0.6998160600000001,0.24239403144646768,-0.040809120500000004,0.021790952804101527
-0.42547963499999997,0.05020812078084701,0.72531932,0.24055374406570904,-0.041619343,0.021248935698718663
-0.427517385,0.04532188967120254,0.70244188,0.2293424461060881,-0.0411227495,0.0213311841950926
-0.40706857500000004,0.04969519429457733,0.8011929600000001,0.25310089981099226,-0.0382278875,0.0214659265551922
-0.395105935,0.0446182917660224,0.85535578,0.23277810817909275,-0.0360362345,0.02070206575823087
-0.391734395,0.039936330188229015,0.861983665,0.204034109494032,-0.035743759,0.02023805873446647
-0.373897425,0.05347441872628788,0.95664844,0.2377167997235598,-0.032343292499999995,0.0199000691265249
-0.355295135,0.047736832196708774,1.05303885,0.22582645435319562,-0.029135384,0.01925908065577573
-0.33536275,0.04950653853448359,1.1227044,0.22747827973674675,-0.0271183065,0.01995173206228936
-0.32104526499999997,0.05324268332289711,1.1789942,0.24397421613570597,-0.025692394,0.02004400095315051
-0.324699065,0.05095967874794412,1.16519665,0.24906401619242144,-0.0254524645,0.019828549949257406
-0.322318385,0.06693309830320243,1.1693275,0.3098255855198329,-0.024498560000000003,0.02051816777993931
-0.326681385,0.05560054741458459,1.1775747,0.2616029330424545,-0.024406609500000002,0.019541698864734357
-0.324055675,0.0681672423468937,1.1830067,0.3232729577047157,-0.023257286000000002,0.02031932256958072
-0.326021945,0.0684846668494261,1.1749353,0.32031794243749906,-0.024007588500000003,0.020434068365863218
-0.318237455,0.0635169951249652,1.21689505,0.291083828783608,-0.02422359,0.019831617191565593
-0.31736353,0.06528030292689309,1.2088673,0.3043409381035633,-0.023898865999999998,0.019911556437745434
-0.31557957000000003,0.07184822584144637,1.209793,0.33177995504900765,-0.0240845315,0.020679804792234354
-0.316910305,0.06383277325314836,1.1953543,0.29803328556394604,-0.0241643135,0.01979191385364215
-0.30752367999999997,0.06015536122677706,1.2301348,0.2650206696133015,-0.0234345575,0.018920560109313863
-0.315445255,0.08850401667770494,1.19125335,0.38045379693167003,-0.02588029,0.020715084786072296
-0.322469125,0.04864155942655757,1.1702595,0.22016250513086363,-0.025656392,0.01863860010076663
-0.32286259,0.04816674321548799,1.18316805,0.2305601011529337,-0.025239763999999998,0.018983740081360605
-0.314401315,0.050328377425710315,1.2147762,0.23554823779136747,-0.024216044,0.019126584776752192
-0.31513714,0.06372023357619681,1.20887195,0.3114720785069408,-0.0245324905,0.01940688596083772
-0.30952546999999997,0.05603542442955151,1.23545155,0.2654731803003816,-0.0234021105,0.019572651095886764
-0.306283345,0.05376897289192143,1.2405282,0.2563451495683418,-0.023357411,0.019509054497604747
-0.30278390499999996,0.046418493616824055,1.2622953,0.21453097762284762,-0.0234411115,0.01837970705978763
-0.293518105,0.04750714055106475,1.3182833,0.22388416148638138,-0.021575043000000002,0.01839017175601803
-0.28118357,0.045613314008134884,1.36258915,0.21106707293906582,-0.0196448495,0.01825564403866679
-0.26666681999999997,0.040432675304920895,1.4335854000000001,0.1964425453387715,-0.017052901500000002,0.017851866236300397
-0.26102777499999996,0.04116417030427418,1.4668887499999999,0.20628323563348192,-0.0160431345,0.01740523201951177
-0.25345852,0.042795731500470224,1.49872555,0.21235134045558318,-0.014998114,0.017347707575926675
-0.2454518,0.05835910958810734,1.5556093,0.27698100389790875,-0.013139841499999999,0.018077093945927117
-0.24092503999999998,0.045863458476877214,1.5794253500000002,0.2225394874046154,-0.0129844585,0.017401948741328777
-0.23270523999999998,0.04288150733822553,1.5951628,0.22170733064731965,-0.012686,0.017135163376899576
-0.23047454499999998,0.04472853924637378,1.6062593,0.2318814170993396,-0.012066865,0.017274285955828226
-0.22870306,0.04000713477483101,1.6172528,0.21109409213216127,-0.0119850115,0.01738302928703369
-0.22954866000000002,0.04460695453150244,1.5888615000000001,0.2268988503952697,-0.012691858,0.017365456159681988
-0.23677604000000002,0.04264197780429823,1.56218125,0.21393911661366727,-0.013636418,0.017287936365531484
-0.23959716,0.04576661960905836,1.5460236,0.2208877435512502,-0.014002104,0.017489147393513933
-0.24154092500000002,0.046568920940299026,1.54874595,0.22125184191087613,-0.013913394499999999,0.017652679962758107
-0.23935581,0.048545536223990667,1.54510805,0.22981332336628427,-0.0142225455,0.017227992821599723
-0.242668405,0.041054636402859376,1.53055175,0.19060427087253276,-0.0147840635,0.01727352154519733
-0.249040535,0.044703635786001526,1.52269845,0.19875342928718823,-0.015163318,0.017658642777726195
-0.24920595499999998,0.05171749540242226,1.5157674499999998,0.24205887591592493,-0.015439726,0.018395610897796188
-0.2556752,0.06466303568210849,1.5128398,0.2829236991691937,-0.015147333499999999,0.019240130389750205
-0.23865765,0.04493224459198545,1.57208595,0.18806400196228196,-0.013837426,0.01748094572699274
-0.24336586,0.05073092546619634,1.55039075,0.21067770492224117,-0.0142119665,0.017607700021720765
-0.24339661,0.05199797648628891,1.5381160500000002,0.21826311523007136,-0.0140257295,0.017619276456141798
-0.25020346000000004,0.06592752149042311,1.5035606000000001,0.2884326435172909,-0.0141833,0.018674813387978863
-0.242118065,0.05462937997486968,1.537888,0.24036671284156527,-0.0144330235,0.017799202949399993
-0.246183755,0.05129225166077195,1.5257741,0.2203839789280304,-0.0150457715,0.018185156956892223
-0.24013647,0.04052201663811512,1.55394315,0.18969433854768983,-0.014123736500000001,0.017351425409510905
-0.23095986000000002,0.04446274960503527,1.5993368000000001,0.2059323998708566,-0.012521808999999998,0.01780945619215499
-0.21753604999999998,0.04386610117138049,1.6696381,0.19629818474445423,-0.00969672175,0.017269854601217164
-0.202516495,0.04580680269769383,1.7277109,0.21078778621616634,-0.0080080352,0.01686147120630329
-0.19865439000000001,0.04201123078985948,1.7515610499999998,0.19158179864469582,-0.0077430307,0.016662737964793912
-0.18740753500000001,0.04516131921758223,1.7906838,0.20839670368426205,-0.00586270375,0.016633842103819144
-0.176542865,0.056684189447464124,1.8246904499999999,0.25909868328016367,-0.00546056775,0.017186693137686813
-0.17471214000000002,0.03748390802436403,1.85055705,0.17963678803845776,-0.0044385603,0.016107534504106288
-0.16300832999999998,0.04070144880117567,1.91910565,0.20170454174649352,-0.0026257440999999998,0.016695144245168863
-0.159281915,0.04544949212430121,1.9367979499999999,0.23236392268470832,-0.00231465235,0.016687621045291905
-0.15024026000000001,0.06947276980263757,1.97310085,0.33625572407141224,-6.380082650000001e-5,0.018776704304871446
-0.134827395,0.04427051893034648,2.047961,0.21736560551946166,0.00188380165,0.016348790012702848
-0.111142205,0.04483011551541138,2.15719585,0.21591373032600072,0.0047392768,0.015812373769819355
-0.0920285205,0.044696280660201176,2.2548154499999997,0.19901129974149512,0.0086490101,0.01571195190750465
-0.06946795850000001,0.04749023792080419,2.3318478999999996,0.22425787976829803,0.0103449875,0.016219092285142116
-0.0595546915,0.04747969246810105,2.4009376,0.2162026351837575,0.013167769,0.015932342809513042
-0.035538520000000004,0.04485808269320489,2.50232235,0.20796270672183567,0.016500010500000002,0.015888013272847546
-0.015856525500000003,0.04880419455051141,2.5952779,0.22801914435870008,0.0184260905,0.01643368080980499
0.0045622291499999995,0.058509406133506414,2.7012665499999997,0.25813611109478946,0.022677877,0.01699703446737381
0.022544129500000003,0.07297836716685296,2.78205605,0.3393242212635124,0.024500060499999997,0.018366185178267658
0.037315406499999995,0.050271074484387855,2.8419992,0.2366335488533271,0.026165573999999997,0.016837383357231055
0.0362066455,0.04962769577064386,2.8394774,0.24860568881554182,0.0261248315,0.01692506295127265
0.053965018000000003,0.04847772943975314,2.9254694,0.22333360320633547,0.028024484,0.016611100453704505
0.065114388,0.05219826360301854,2.9887407,0.2477703401924363,0.0309590225,0.017148458839267616
0.07834583,0.04888412890615499,3.04310275,0.22755161526707107,0.0329993195,0.016451092687738107
0.08465466299999999,0.053613738617547105,3.0775226499999997,0.2308063329213716,0.0333729915,0.016659019503557384
0.097552902,0.04938880053162401,3.12956335,0.21845401054984442,0.034120883,0.016574510299889763
0.099731852,0.04456598886561756,3.15229025,0.19764389568632937,0.035749833,0.01641019731871114
0.10525096,0.04824968796652754,3.18110685,0.21666857070221562,0.0365394815,0.01665840601633579
0.0993030915,0.04156653301468122,3.14065855,0.19243248023618015,0.034918514,0.016414186617470516
0.107766005,0.04749569274043212,3.17477665,0.22200204311528013,0.035382321,0.0171200432749569
0.111560695,0.045846106875378594,3.2023108000000002,0.23720444068555724,0.036769192000000006,0.01746248921322995
0.1106271,0.05541838858856494,3.2011641,0.27333366854696,0.037638377,0.017675794849502702
0.122767185,0.047365283000551886,3.24802745,0.24335779194585905,0.038676178000000005,0.017676968245133404
0.100655315,0.04934909864701795,3.1433754,0.23502939129189498,0.035090169000000004,0.01739226156869347
0.09485982949999999,0.03989573025370458,3.1069339,0.1995424977743845,0.034405814,0.016579214034190142
0.093084071,0.04318855712475751,3.0943745,0.21196427358458902,0.033489547999999994,0.016788894692828772
0.10006937,0.04414362107267863,3.13167435,0.2352896792928519,0.034717107999999997,0.01710506016694752
0.1012094,0.05024782561489624,3.13194105,0.25215295297363066,0.035679081,0.017348757572559565
0.12508756,0.05356851228036473,3.2611603000000002,0.2606708943899788,0.040098050999999996,0.017767676879895736
0.13896239,0.05636792235024736,3.3311463999999997,0.27279179893121475,0.041637711,0.01820533724445416
0.14606160499999998,0.05361165559453481,3.3558512,0.26578048992169956,0.042221166,0.01793448413461535
0.15946782,0.05023170630985538,3.41816305,0.24876168920973188,0.04370753,0.01755735480723343
0.171578155,0.04418238049060991,3.4758122,0.23703284600242497,0.045209527,0.01756141168445259
0.18022115,0.044544871123157116,3.5245857000000003,0.23570427991138823,0.046881097999999996,0.017378559490095487
0.19987855999999998,0.0551066331374002,3.63045695,0.2785039515934579,0.050663235,0.01840662475749042
0.202828445,0.05143040086559324,3.64969675,0.24295785085524207,0.0511842805,0.018122792721004134
0.202139605,0.043393289403677614,3.64176635,0.2130804206621805,0.050337595,0.01769799489825587
0.21517201,0.04855386886869045,3.6965012,0.23058207996391988,0.052151764,0.01823087271955498
0.2218231,0.04382472020618792,3.7159912000000004,0.20655501072831176,0.0528457955,0.018641250982282927
0.22544087000000002,0.04671841680326993,3.7550563,0.22525841280513798,0.053840454999999995,0.018751053074853107
0.23290623500000002,0.039889208126177106,3.7899763,0.20445669120870721,0.053935976499999996,0.018339343648661143
0.23193671999999999,0.03962434726609395,3.7832938499999997,0.20129059409362202,0.0547141845,0.018681778473955378
0.227013385,0.043504342319404275,3.73952205,0.22207376481640953,0.053741481,0.018493523797826678
0.216243385,0.06833931969678413,3.6931425,0.3192238052495411,0.0515251665,0.019727462517478662
0.21727290500000002,0.0391492239070245,3.7057221499999997,0.1988367041876686,0.0527087165,0.018013306546944
0.211175075,0.043392065988920085,3.6762108,0.21470736496638132,0.051398834500000004,0.01856462537270038
0.21343283000000002,0.04358584746145922,3.6858439499999998,0.22368817749542474,0.051818066999999995,0.01860758303852666
0.20610987,0.0570824337920466,3.67350815,0.3040727548003815,0.0513066145,0.019700076045228176
0.198599835,0.04051887249012345,3.62785795,0.20622632631158128,0.049676462500000004,0.018147236153045657
0.19686333,0.04270739516861206,3.62232705,0.2218845469973445,0.050059739,0.01805149575983734
0.19258882,0.04406124290963441,3.60735895,0.22002414898180278,0.0495934465,0.01792896233703601
0.20239812499999998,0.045850306281516914,3.6538854,0.2166668209917147,0.050721983,0.018105856957541373
0.198541435,0.057149493863037644,3.628358,0.2516251556531335,0.050186403,0.01857387643890082
0.192523555,0.04409703397900973,3.5841927,0.20479450326295812,0.048877491999999995,0.017615831741007316
0.19108036,0.04311165576922771,3.5813395000000003,0.2115241822234287,0.049042229,0.017873199361366984
0.19375557,0.04462858372183208,3.5865051,0.2182320242105289,0.0487529255,0.017847114659008515
0.192068915,0.06764674042452369,3.5896425,0.3502525804761917,0.048539456999999994,0.01950853939192171
0.192942425,0.04812568438691893,3.5843073,0.24922974870660272,0.0478106655,0.01859048610017198
0.19971273,0.04077548908358052,3.62882705,0.20427380820510938,0.0494882495,0.01792827416046504
0.18946413,0.04787777813544427,3.5718639,0.2263901756172267,0.047870872499999995,0.018031521259739305
0.191076,0.04306242874806094,3.5721807500000002,0.1995629092115687,0.048403095,0.017732931906660324
0.192741735,0.04190976971128158,3.5837671,0.19427119732210726,0.047782276,0.01789637567797185
0.191090275,0.046350313706856675,3.6049567500000004,0.2089430983232781,0.0494214895,0.018543546521237703
0.18969689499999998,0.04598802770979828,3.59256945,0.20197589446728353,0.049470664,0.018469704362413637
0.179635475,0.04979853491200513,3.533685,0.23540245049736072,0.047134035500000004,0.01788561877956261
0.18600114,0.0420556442029289,3.56734505,0.1995743265818077,0.048523827500000005,0.017978282659602194
0.19184262000000002,0.04764179923965604,3.5956873,0.21287552034314525,0.04923448,0.01840755382239175
0.197123475,0.0531422602242329,3.5901253000000004,0.2466495627114025,0.048820981,0.01873789262977165
0.20370472499999998,0.057522766736934704,3.60910695,0.2658464876207092,0.0493059795,0.018765188677088995
0.21731991499999997,0.05756016212317824,3.6930648,0.27678901811272744,0.051253255,0.019010008666250258
0.236279255,0.04628950640110436,3.80061715,0.2217084969291441,0.055004103,0.018757129406809927
0.250231785,0.04563051646602969,3.8653479500000003,0.23883457827574353,0.057058561,0.019328132819245166
0.25216151,0.03596099368294072,3.8770696,0.1800205068012014,0.0575954895,0.018788137947302965
0.25744935,0.04484175364167092,3.8944074,0.2070404881900683,0.058228794,0.018728476663546965
0.25151926999999996,0.04317742700548169,3.86944045,0.20127596695790628,0.057050938499999995,0.018732167595936565
0.24283744499999999,0.043679828610910736,3.83764405,0.19662749753310496,0.056642865,0.018832039257687935
0.24618366,0.04768788425227665,3.83261225,0.22148785985600966,0.056261288,0.019088339930197352
0.2451391,0.04843854224124743,3.8453315000000003,0.23166805329276932,0.0567057165,0.019085365752032953
0.243126055,0.05118350443257923,3.8287178500000003,0.24090533581651913,0.056458531500000006,0.019096885390375934
0.23822716,0.03711873890342144,3.80525005,0.17671448601401554,0.0554714065,0.018102175614821026
0.227396985,0.041384596453274594,3.7490510500000003,0.19649705825574038,0.0538127505,0.01847614673446271
0.2208113,0.04343717945986431,3.72653325,0.21199149215202753,0.05349746,0.018549424720973772
0.20593137,0.05139711926380734,3.6543654,0.2509981937215466,0.050937335,0.01868338019708787
0.19588303499999998,0.03845610760708997,3.60327785,0.19043927425846252,0.049575388,0.018106776770576347
0.18077389500000002,0.04041561727843914,3.5278448,0.20260078668590267,0.047579720000000006,0.017836825987715115
0.17840941,0.0421560303571705,3.524805,0.22321346865836617,0.047545448000000004,0.018209141619509688
0.18749914499999998,0.0705408556250927,3.5590241000000002,0.37379615265614763,0.047625116499999995,0.02042973021086068
0.18750075,0.04734017276070839,3.5567364,0.24560753095555848,0.0483746615,0.018785074563374218
0.19721170999999998,0.041259499506051935,3.60674295,0.2195615990481872,0.0491668835,0.018543220300059834
0.18477259000000001,0.039137601096145135,3.55518175,0.20548021264574678,0.047959583,0.018062262408889876
0.175035375,0.03859314706458927,3.5037898,0.20375257050386827,0.0464520685,0.017532579040444588
0.16158421499999998,0.04452643606281573,3.45218675,0.2293707157340844,0.044388475999999996,0.017524001916956525
0.16678301499999998,0.04048010128308627,3.4659011499999997,0.19934151201773595,0.045948582,0.017281060961855513
0.168096085,0.04339652406381575,3.4661363,0.21660914089794103,0.045675138500000004,0.017940787000664773
0.17223914499999998,0.048854605029920214,3.47403985,0.24318103564341856,0.0454554105,0.018094410507504922
0.16790906,0.055052106683394136,3.476659,0.2781994331551716,0.044967946,0.01842719596217639
0.18204104999999998,0.04710162962641352,3.53586825,0.2336286014081753,0.046796088,0.01798526495479528
0.19088829000000002,0.0523738566936506,3.57682825,0.24313422372224655,0.0484322815,0.018558735359007594
0.18552236,0.04888156800518553,3.56494285,0.23131538800533905,0.048147121,0.018433013394278996
0.18436707,0.04884798410254356,3.5550277,0.234714619439374,0.0474386305,0.017668391177338226
0.17556029,0.04918149929330101,3.5118671,0.22515298508670942,0.045998198000000004,0.017326139193226172
0.163873795,0.05357744353950802,3.4428156999999997,0.2461409610755706,0.043853433,0.017213720453198144
0.15955147,0.04579243977666931,3.43223495,0.20752407044118965,0.044144277499999995,0.017122690436876527
0.17082225499999998,0.047779197216331074,3.48480015,0.21155661087368768,0.0457169035,0.0178718748202842
0.16667754,0.0514104621340253,3.4735116,0.23790305810939869,0.0457220775,0.01777733147474662
0.169377265,0.05418644072285334,3.49531045,0.2515265918031209,0.0458171265,0.017800623556125994
0.164630065,0.04418110890711832,3.4561596000000003,0.2134263500948488,0.044734088000000005,0.01730088701970024
0.16577586,0.04941280254879995,3.4547787,0.22806252936551247,0.0450554255,0.017821824086464214
0.174615255,0.06221097838516465,3.5109377999999998,0.29790372912647367,0.0462579095,0.018756113750060185
0.1631822,0.04799750393771023,3.44066765,0.24044683624716354,0.044274869999999994,0.01781207567508821
0.16863964,0.05082177913274022,3.4739728,0.24719382739444734,0.0456669745,0.01758549694711793
0.16624163,0.048812995776275424,3.44118905,0.23732156889009973,0.045276101,0.017738548974160804
0.15384175,0.057755257215299574,3.3927535,0.26776321475767934,0.0432280345,0.018115873064565583
0.140367655,0.04894387757553188,3.33985635,0.23688482027348132,0.0412984265,0.017806901105709785
0.13404632,0.043501111711180915,3.2932747,0.22610997188298257,0.0403892775,0.017368632699538915
0.13109048499999998,0.042375203816406665,3.2857164,0.2176068212264107,0.040217215,0.016486141678310428
0.14018055000000001,0.04430966181077544,3.33718185,0.22621675986762188,0.0404436325,0.0170753548507629
0.134560625,0.056819111769253736,3.3038141999999997,0.27938478498520425,0.039455031,0.01787924609233903
0.14437477999999998,0.03901213571592085,3.3682051,0.19349627491805554,0.041987817999999996,0.01743236683630851
0.14734004,0.04173697052085797,3.3800298,0.21064265281348687,0.042082619,0.01770662458715334
0.130874405,0.04731167469624411,3.2857312,0.2266441398986234,0.0391638175,0.01718345527800766
0.12711872,0.06092876156415328,3.2571884,0.29442574006736294,0.0379009005,0.018205370657911515
0.141936335,0.05038462633294352,3.33652265,0.26127371019417683,0.040627460500000004,0.018262975316872022
0.14604865,0.04770107432303548,3.3693988,0.24126886333555903,0.0419970615,0.018084899197232635
0.15360003,0.05195048373166748,3.3908564500000002,0.2581555391334388,0.043367655000000005,0.01871396585080768
0.16966933,0.057098238057602356,3.4667861,0.28087986510928054,0.0455482845,0.018889492713598993
0.17234411,0.049723642979891104,3.48519495,0.25253698146777515,0.045593933,0.018307338722721108
0.17537407500000002,0.04921101547704927,3.5245647,0.25112356474577163,0.045754393500000004,0.01800921847978718
0.19342735,0.049439363972205344,3.6140652500000003,0.22834882589177857,0.049865242000000004,0.018404691599204766
0.203001155,0.05233725247462625,3.65079145,0.23776347510233997,0.0509766875,0.01847495759162797
0.219228095,0.07515840147558704,3.7257975500000002,0.33453843175471076,0.052662284000000004,0.01990207825879432
0.21776323,0.05589734435398072,3.7038544,0.25295353626920625,0.052024328,0.0191330567985104
0.225131405,0.04723023422334018,3.7357056,0.22157590754804257,0.0534433555,0.018563959813240744
0.22017271,0.05219783408891418,3.7364339500000003,0.23501044125562834,0.05265464,0.018233079758421696
0.23441109999999998,0.04728782075190294,3.790946,0.21454779085183615,0.054653006000000004,0.018411041679853496
0.236841395,0.0495193853778626,3.79464645,0.22531362381612452,0.0550809825,0.019069235809659992
0.24694517500000002,0.04300258174003322,3.84257215,0.21440210408822033,0.056319852000000004,0.01903075895843408
0.25249727,0.05354133679109105,3.8610153499999997,0.28616979999418896,0.057601681,0.020071686403635526
0.242157475,0.04148608953389391,3.8277157500000003,0.20717452288598742,0.055413263000000004,0.0189012996470858
0.226894225,0.044026238382184175,3.75097215,0.21141668150213389,0.0537434085,0.018307161978641087
0.230149875,0.04215898026491882,3.7651464,0.20701578901444978,0.053903704499999996,0.018259475034223527
0.22276895,0.039513091908944364,3.71745685,0.19736456872495997,0.0528920985,0.01817918880074393
0.20512361,0.04086805100605114,3.650235,0.21503826559113934,0.0501677565,0.018287926398777053
0.19292874,0.04382664053305049,3.6029771000000004,0.23688009995882203,0.048444008,0.018154450626642754
0.18747565500000002,0.04601096700212604,3.56318725,0.20918791710577095,0.047659046999999996,0.017996962155575152
0.17536958,0.04265347298855395,3.512293,0.19671679465624262,0.046719336,0.017433904290261235
0.159898225,0.04808252164049681,3.4544136,0.21573662656599613,0.0448513765,0.017597384767420954
0.14114553000000002,0.08303153943187148,3.3705216499999997,0.38319801921428914,0.042082734,0.01972188375840845
0.10275168500000001,0.05137419194517441,3.1590876999999997,0.2779021123835047,0.0353766025,0.01748416791196552
0.10620229,0.04883241280683932,3.16591485,0.25342334176454934,0.034975438,0.017343843264426367
0.090915231,0.04343987131282552,3.1146450000000003,0.22929478894736294,0.034242861,0.016746042407656113
0.08433415699999999,0.039247493788388106,3.0660646500000004,0.2121638804228094,0.032186323,0.016335263840056437
0.0728739515,0.04230269738690028,3.0038284500000003,0.20220614735950965,0.030026949,0.016095317329617297
0.059059624000000005,0.044167314542313006,2.94345685,0.1972305559996674,0.028920928499999998,0.01629873828690848
0.0476830985,0.04463726197049033,2.89220045,0.20600917408942826,0.02772925,0.016313471015034782
0.031781226499999995,0.04548220008805975,2.8255528,0.21609175715174603,0.0251921615,0.016385563009608566
0.019782432,0.045814198676107094,2.76022295,0.213976020218957,0.023151238999999997,0.01634715208332226
0.014448935,0.036901453498688765,2.7310919,0.16889069820640287,0.0224273075,0.015947703284599553
0.0185966155,0.04225625496019011,2.7388478,0.1984601169436122,0.0225609325,0.01653699569943091
0.012448368000000001,0.043108133921045996,2.7311773500000003,0.21605976276946487,0.022811889000000002,0.016197111959381227
0.0118176385,0.055107260472386906,2.7129357,0.2749156627086313,0.0221002345,0.01685794101579786
-3.5035307e-4,0.042784314985481395,2.6782828,0.2151034695651315,0.021502427499999997,0.016252531052875836
-0.0015142922499999999,0.04272143058989993,2.66390625,0.2164918282017764,0.021044597499999998,0.016359136755990707
9.0947412e-5,0.04298140519544422,2.6555992,0.22934915010827822,0.0212694605,0.016524564353513953
-0.003549332,0.041700956069722406,2.6400805,0.20177123741806618,0.0200260095,0.016207359051643368
-0.00996027705,0.04632250318382535,2.6110172499999997,0.22572250118099255,0.019127317,0.016104329921731112
-0.012955302,0.04500631494228652,2.6000221999999997,0.22208628324658497,0.0179613485,0.01602281207571025
-0.029790089,0.04470433587137293,2.53309705,0.2225290430381635,0.0167606335,0.015921298477713012
-0.0308552545,0.04610157449342229,2.525697,0.21946981050544184,0.0164534835,0.015973938846094844
-0.0353500075,0.05831156294835739,2.53040405,0.2817817822012865,0.016509288,0.01707041039185365
-0.034394375500000005,0.04721197621073028,2.5173671,0.22871433487245324,0.016100626,0.016029472209048157
-0.039494629,0.046810873654531335,2.4905075500000002,0.22057228556638006,0.0142757405,0.01608280703305308
-0.030454283999999998,0.043180794983208474,2.5142170000000004,0.19875685572504448,0.015584057,0.015961986840438612
-0.037036033499999996,0.049065407531848265,2.4969554,0.2154581059838799,0.015757379000000002,0.01579221862857505
-0.0338472545,0.0468527986395646,2.5106895,0.20560359740300063,0.016575391000000002,0.016016069702913055
-0.029251292999999998,0.04607572440238188,2.52839055,0.21076314082218012,0.016379868,0.0158478149991728
-0.038451721499999994,0.04152023316852952,2.48032355,0.1910685394980881,0.015408101,0.015591646127080113
-0.040820371,0.051093147920506114,2.474618,0.22806991082910458,0.0147090095,0.015860925034701455
-0.04239886,0.043998590380782944,2.4713663500000003,0.19904982068103336,0.015273372,0.01604931011197878
-0.029702864000000002,0.04732178465680962,2.5132626499999997,0.21773575189057723,0.016332517999999997,0.01651745795576783
-0.0329236075,0.04751989516714372,2.5203828,0.22659704269073963,0.016056278,0.01606265526705527
-0.0278592405,0.04577812981569226,2.54186185,0.21599554419000352,0.016949258000000002,0.01596692780554344
-0.023537087499999998,0.04863621820355966,2.5494019999999997,0.24230158856759765,0.016397291,0.01617040404826343
-0.027194417,0.041050924619307434,2.53571385,0.20239456215606408,0.016951130000000002,0.015503922627181314
-0.039454318,0.04466785177712166,2.4741998,0.22770285629647216,0.015170111,0.015772415444598144
-0.038023446,0.045517913277420115,2.4741341500000003,0.22336338891524676,0.015077978499999999,0.01595894016273977
-0.0450317285,0.044904581879717353,2.4414925,0.22170887931431085,0.013896652499999999,0.015635993808955407
-0.0526964335,0.04110393402227589,2.4264172999999998,0.20292955250344255,0.0135180305,0.015676870984930393
-0.0536613555,0.04214020560970723,2.4148271,0.19433120370418927,0.013579675,0.01562977900528801
-0.054583320500000004,0.039935215508688476,2.4211634,0.1877925475302715,0.013775827000000001,0.01574537872955092
-0.056432157,0.04140121966156065,2.41909355,0.1915742097014507,0.0133592295,0.015618594786765918
-0.053922951999999996,0.04381908324182595,2.41932365,0.20566410850815361,0.013233688,0.015845854510095386
-0.044658948000000004,0.046176197491444304,2.45756745,0.21475848581167706,0.0142695625,0.01605692933976202
-0.0300822805,0.04939185003713641,2.51014035,0.23111141659536186,0.0158638485,0.01625833639668434
-0.0107324635,0.04869957710693344,2.59277835,0.2272579661324264,0.018637558499999998,0.016399146288702916
-0.0140171075,0.05696943127449151,2.5951756,0.27490923000578155,0.0180817715,0.016953483957932294
-0.0033567324500000002,0.037757248838843786,2.63781865,0.1862819489092884,0.020213494999999998,0.015351725894128466
-0.00267368065,0.04218967122866246,2.6457890500000003,0.21629517395296308,0.0205133295,0.016253430080374356
-0.0074874057,0.0461692653087035,2.615487,0.22605124991501593,0.019504658,0.016522625951307768
-0.015741610500000003,0.057766966337868604,2.57468335,0.25999868434683976,0.0191145705,0.016730824929627443
-0.029511374,0.04994383587590586,2.54161925,0.22282444757266495,0.016797315,0.016064609207547383
-0.028853864,0.046377343181430206,2.5459069,0.193918107095503,0.0175367105,0.015560924432540405
-0.037950032499999994,0.04576224358849432,2.5005622,0.2042741915787345,0.0161596825,0.01579280726018502
-0.032035913,0.04406403775001348,2.5137404,0.19344507983792242,0.016837548,0.015738472930227287
-0.037611601999999994,0.036533964759863674,2.4875832,0.17945001968541535,0.015764616000000002,0.015380533471281523
-0.041757276999999995,0.035799470214725064,2.4759158,0.18574841997167169,0.0153281385,0.015575802771885446
-0.0452420345,0.04007257752308329,2.4579022999999998,0.19594720606263372,0.015047246,0.0158480354137752
-0.049571751,0.04232795817570554,2.4500562,0.2156553639194308,0.014276659,0.01591180137980841
-0.050532088,0.054317699297322504,2.4397061,0.26704146700103343,0.014200276000000001,0.016212690818090247
-0.049301069,0.05335678534435083,2.4398196,0.2563064710324217,0.014127019,0.016264819458618657
-0.040224320499999994,0.05840596251933633,2.47561975,0.2704371287825663,0.015585089,0.017582207329958112
-0.0494698825,0.05067554525537327,2.4181151,0.23850158813602257,0.014026865999999999,0.016822414222081035
-0.0617363395,0.05405205482250132,2.37375875,0.2426098045572014,0.011827268,0.016772852646962096
-0.0762762525,0.04951716589056797,2.3417191,0.21330198708058243,0.010064003,0.016318397340478578
-0.07593422699999999,0.050050209011197555,2.31940465,0.22064600121796532,0.0098096521,0.016478939648646745
-0.081436444,0.04665202173052207,2.2958136,0.1995017561729565,0.00931072035,0.015948432318938353
-0.08561819600000001,0.047480197116470696,2.27401405,0.21208523111808372,0.00876562025,0.01599822938075033
-0.087442516,0.046307548225951435,2.25705145,0.21116257913698974,0.0083926385,0.01598544985414343
-0.0962595455,0.04428325554396722,2.2277734000000002,0.2076973246596026,0.00721013775,0.015953039640515962
-0.09206202799999999,0.04377471652496234,2.23653345,0.2026900394014801,0.0070283587,0.01559536087944748
-0.09138684550000001,0.045088417815891256,2.2399261,0.21309317574328737,0.00771277205,0.01646520360248535
-0.09260255449999999,0.08327122274019179,2.2227439,0.37954535822859786,0.00657277225,0.01941579766470315
-0.097744248,0.04781306174112523,2.2201613499999997,0.2202774041301599,0.00664930035,0.016321304672454944
-0.0886514565,0.044313899400679445,2.2476530500000003,0.21001597143381737,0.00824805545,0.016176453126192997
-0.091398798,0.046969542017560754,2.23043885,0.23087073426493787,0.00854434065,0.016091246757330833
-0.11485603,0.05261166680345263,2.1229538,0.23422729158698205,0.0044170253,0.016599011649162818
-0.12637108,0.05363009110838354,2.0975753,0.26207565112875025,0.00378245345,0.017438635499058597
-0.152134325,0.05863641093599943,1.96962735,0.27101249138494476,5.5251267500000005e-5,0.01768691953693741
-0.15773044,0.052847739394693664,1.95164705,0.24926158952160837,-0.0010030244,0.017289224525250373
-0.15665678500000002,0.058523211024333735,1.95167165,0.27988352081060625,-7.06874635e-4,0.017782043594324292
-0.1715389,0.07092466034069558,1.87983945,0.35008168527435224,-0.00288811585,0.018528147805729762
-0.183024145,0.043932082365018534,1.82232605,0.20920814380289415,-0.0052899647,0.016542013899343625
-0.188168985,0.04823439690614338,1.7875,0.2227850017095467,-0.0066328063,0.01678725134534529
-0.196960215,0.04686406276657739,1.76279035,0.2176581735512937,-0.0076007543,0.016443673468983344
-0.21230749,0.061586935064774265,1.7193136999999998,0.2945148874728561,-0.00978981735,0.01807244229226113
-0.22885354,0.04452324370686651,1.6229228,0.23076355580427543,-0.011799432,0.017219654658793635
-0.238931915,0.04715445861919991,1.5484158,0.23918692856258683,-0.013767905,0.01755777893662905
-0.26061908,0.04776259410664307,1.45195955,0.2287681329621826,-0.016872609,0.017484682601382823
-0.27494598000000003,0.049262683185365544,1.4003767,0.23165603851265282,-0.0183060045,0.01784438873750867
-0.29883755,0.04615886362821883,1.2908822999999998,0.23006579267118968,-0.0220020685,0.018063579795159497
-0.30649603999999997,0.04714656673987027,1.2395345500000001,0.21939678815474004,-0.0232792395,0.0185749950300015
-0.31690140499999997,0.0474608013170866,1.1985896500000002,0.21498212748667503,-0.024523098,0.018779682397402898
-0.32868980999999997,0.04901664970911036,1.14996375,0.2226872960721246,-0.026232525,0.01876128610147798
-0.34317614,0.060741816069731495,1.0894341,0.2731900941597769,-0.028380439,0.019487150222139375
-0.347218095,0.03992351620891632,1.06187805,0.19887409536426126,-0.0290968405,0.019209392995125498
-0.35880918,0.04553762013392701,1.0237007999999999,0.22597631517673752,-0.0303845195,0.019895655357291705
-0.38511357,0.053695305851239244,0.906043535,0.2530764775318599,-0.0338128885,0.020635916796602326
-0.407024555,0.06289592543928599,0.82528608,0.29650794034132916,-0.037145462,0.021694688051177784
-0.41581463500000004,0.052765462724089336,0.7699625649999999,0.24311295847727088,-0.038776676499999996,0.021415477294094428
-0.425778955,0.0557638220328073,0.7181394999999999,0.2512087532162002,-0.040012261,0.022066425662323575
-0.429697995,0.05472881616149116,0.7073771799999999,0.24917436322890116,-0.040882823,0.02170172120988964
-0.429188535,0.05128264676758396,0.71253048,0.24015778862416465,-0.0409418505,0.02143047661151193
-0.46040330500000004,0.050926435844104244,0.558691065,0.23647518376745494,-0.0441228455,0.021706389262107793
-0.47002654,0.0658519473040551,0.505573625,0.2881754928883902,-0.046906526500000004,0.022361326622866478
-0.474619725,0.058078500839224986,0.495129885,0.2619205504306908,-0.0469873235,0.022529671244731195
-0.47597832500000004,0.05317945214772073,0.48203801,0.2405394472688386,-0.048185874000000004,0.02218289829238605
-0.49185407999999997,0.058131963741830446,0.41887995,0.2746884563994074,-0.049812619,0.022937046057774756
-0.5217143,0.04896168798562548,0.320598775,0.22561414068403735,-0.052565954,0.0231484179876054
-0.5311656849999999,0.05351415537264936,0.26441134,0.23720328407216013,-0.054688723999999994,0.02412926995738205
-0.552092,0.06970401008944474,0.16977615000000001,0.29700964977711936,-0.056775787499999994,0.024739708268596207
-0.5662551849999999,0.08254043746579762,0.10565969,0.3438970672018988,-0.059008465999999996,0.025663764396994627
-0.58781333,0.057835133884692295,0.016714963,0.24906080411595988,-0.062548671,0.025544675139119108
-0.61423994,0.05758859506613482,-0.098428585,0.2430090640433559,-0.0673778295,0.026575842125369453
-0.6317198,0.06080852098158005,-0.19222223500000002,0.272628991966929,-0.07034701800000001,0.027202793525580252
-0.6616013949999999,0.057152593223687424,-0.30540098000000004,0.2521353355640878,-0.0742730535,0.027830041823854977
-0.68688095,0.05847860580144033,-0.418343615,0.2592694940400673,-0.07876292500000001,0.028653710356953407
-0.7105074549999999,0.06285876429032838,-0.520729775,0.28310806801939564,-0.080061625,0.029041409682417106
-0.7344768850000001,0.07141421700506037,-0.591475535,0.31479809684903337,-0.08514479250000001,0.030043711119732457
-0.743141975,0.06788372287231575,-0.6288382299999999,0.2975810278248688,-0.085544987,0.03052370184591286
-0.7740569900000001,0.08925390091473795,-0.77496245,0.3854481001823531,-0.088495133,0.03288138457880431
-0.81419394,0.064735010479681665,-0.97005886,0.2740733737418806,-0.0968986295,0.03294268165289273
-0.835400165,0.0583571136084075,-1.04032145,0.2622407828209087,-0.100491055,0.032787902075907885
-0.852169395,0.06342194737168587,-1.1086719,0.2598568745809937,-0.1015501,0.03378577294928495
-0.8731236250000001,0.06199038837484659,-1.210892,0.27255860634581414,-0.10462784,0.03436702810978401
-0.91407672,0.06545238782795845,-1.3489029,0.3062857811244471,-0.11078110499999999,0.03551573872795245
-0.9604055149999999,0.07971547938182104,-1.5316553499999999,0.3760558866725256,-0.117333075,0.03793565847625208
-1.0149175499999998,0.06396666290272805,-1.77707535,0.3114700540251667,-0.12574148000000002,0.03932020845141999
-1.08238395,0.0684630161318697,-2.0207528999999997,0.3227820594501297,-0.134962145,0.04093679666824589
-1.1439211,0.08147135700301802,-2.3019645000000004,0.3553175273501346,-0.144047015,0.043727144228105023
-1.2099954,0.08045136621065184,-2.5291582999999997,0.36474946684993614,-0.15263034,0.04546845357205755
-1.2401214500000002,0.07182287928634443,-2.6513769500000004,0.3497665413999733,-0.15727088500000003,0.04660567991294181
-1.2842251500000001,0.07679034546463172,-2.79795955,0.36613409475025055,-0.16309291,0.048156017681018896
-1.32817795,0.10344344207894117,-2.9737386,0.4423578481983552,-0.169166965,0.050187489379759254
-1.3514673,0.07690868877798923,-3.0749461499999997,0.365910841174527,-0.17541790499999999,0.05071758821203094
-1.3797979,0.07283525228766394,-3.1923951500000003,0.37243206948936436,-0.1776416,0.05134786211898551
-1.4043431,0.07126293537777721,-3.2699336,0.37014942209469953,-0.18130954,0.05216257610375016
-1.4547066,0.07690963027008187,-3.4573278,0.41672736243496505,-0.187837385,0.05242807095493185
-1.4847038000000001,0.06087234508558488,-3.5726177999999997,0.39195390150962517,-0.193608905,0.053669173870581156
-1.5148275999999998,0.06514655675963697,-3.65387395,0.40304315033895205,-0.19638102000000002,0.05500954605854819
-1.55282225,0.06604652173369902,-3.83655225,0.4446138936529177,-0.20309106999999998,0.05624838226076121
-1.5764649,0.056164214254702104,-3.8936596000000003,0.41493256198837947,-0.205753395,0.0567257842202398
-1.5846558000000002,0.04654304959442538,-3.94408775,0.40264089803938513,-0.2065547,0.05700839987091917
-1.59543795,0.04493204202095005,-3.9939731,0.4136132344993772,-0.2075109,0.057450701520638976
-1.6051846,0.03943280577944942,-4.0222306,0.4020015349282722,-0.20977430000000002,0.05761505933264765
-1.6076345,0.036949547722495264,-4.0246162000000005,0.4113295957056159,-0.21097781,0.05796752131965084
-1.6045027,0.04527596151322789,-4.0099842500000005,0.41681933257233317,-0.209928985,0.05787845793752381
-1.6140569,0.037342974245700426,-4.0602196500000005,0.40284136666369125,-0.211330885,0.058115103581583866
-1.6170266500000001,0.036135901767144325,-4.0885036,0.40710604098828823,-0.21248855,0.058418127469098975
-1.6206878,0.03433526856977212,-4.0883400000000005,0.4043855963452465,-0.212695135,0.05843206149194336
-1.62154665,0.03353989695535423,-4.0895817,0.4089707851829911,-0.212957615,0.05828395783854905
-1.6289677500000002,0.03593859204541431,-4.11544135,0.4225063537022363,-0.214337485,0.05849262753672334
-1.62900365,0.0348968979829098,-4.105874350000001,0.4195703663155496,-0.21310849999999998,0.05849939997179464
-1.6264759,0.03599728066472036,-4.1134827,0.41952199582625943,-0.21305734,0.05845856283745505
-1.6253301,0.034075786615081545,-4.09834695,0.41688788585508546,-0.212556715,0.05828149318207857
-1.62139975,0.03346761817157601,-4.08852805,0.4127689185956179,-0.21180100000000002,0.05825401694385358
-1.6232297500000001,0.03672090607597718,-4.08820215,0.41377591685972703,-0.21206576,0.058428573886714956
-1.6191967,0.030742573665326955,-4.085000900000001,0.4096907980388428,-0.21252178500000002,0.05835207784875905
-1.6175853500000001,0.031615901898058886,-4.06875475,0.4069339446902141,-0.211631195,0.058023102012193135
-1.60448815,0.03851424259106516,-4.009647,0.4168107405255435,-0.20930649499999998,0.057723380344303965
-1.6097706999999999,0.03580791928174227,-4.038534950000001,0.40169626940070585,-0.21127982,0.0579371034393995
-1.61436445,0.03615327824760013,-4.0373572,0.41390805749414356,-0.21119505500000002,0.057950957025616756
-1.59681105,0.04143034496722866,-3.99862785,0.4166812297073046,-0.21010305,0.0574575094781476
-1.5803733,0.04004865800426532,-3.9379054499999997,0.41052236467480757,-0.20723678,0.05678760115713074
-1.5680081000000001,0.04387349201142937,-3.8702762,0.4101744432682293,-0.204724485,0.05640113693329123
-1.5386494,0.05154381994849331,-3.76987265,0.4073348931158776,-0.200541575,0.055104543393432785
-1.51510615,0.05294335124113541,-3.6618101000000003,0.4145177054122227,-0.1977626,0.055290494640514644
-1.46951985,0.05610086263881605,-3.5081624,0.3829907097531984,-0.190806855,0.05365988009367469
-1.4147269,0.07609626124649967,-3.29995205,0.39367381917051925,-0.18292773499999998,0.05209340738646761
-1.3753422999999998,0.054487681231707226,-3.1790772,0.3362588767528816,-0.17751339500000002,0.05026597457837593
-1.3207423,0.06812723192948368,-2.968094,0.3674783795988418,-0.16840931999999997,0.049186199397839664
-1.2739262999999998,0.07395819739280539,-2.76199835,0.36606941394810355,-0.1620217,0.04804994316147362
-1.170434,0.10239209147030984,-2.3830901,0.43595579757785985,-0.146398335,0.04678544998371841
-1.11320545,0.07828621992124356,-2.15841275,0.3532042175052115,-0.140191155,0.043844628591927566
-1.07460025,0.06911770597389504,-2.0211027,0.3315523042931162,-0.135424475,0.04235245640859467
-1.02507685,0.06660072717888149,-1.81856405,0.3120763714791383,-0.12759941000000002,0.039423197336847675
-0.952171815,0.07665054222579054,-1.49604605,0.3467167298151754,-0.11591455,0.03680291056715803
-0.833566935,0.08325796647704882,-1.02824845,0.37028778377825855,-0.10009535,0.033819976033299295
-0.733715955,0.0741069306675284,-0.603221655,0.3378799355329025,-0.083168758,0.03036756761973828
-0.6662556,0.06962027300199794,-0.32003176,0.3188382973916367,-0.07466479200000001,0.02899276542646457
-0.57969512,0.08122618550434796,0.015602233,0.3592716120979696,-0.0629051055,0.026742631219244705
-0.527416255,0.1077663391882872,0.264614815,0.4787392267584399,-0.052844666,0.027110890122287443
-0.44593612,0.07454586600455866,0.6292539450000001,0.3310520387288763,-0.0435595745,0.02295527880821269
-0.366968815,0.07590768664640712,1.0047698,0.3301074155582968,-0.0303365975,0.021061261049125143
-0.295661575,0.06963463173556456,1.3148879,0.31851258171849245,-0.0213347505,0.019867228233796507
-0.25392918,0.08225222744455848,1.5089343,0.3841099144351934,-0.014894292,0.02078558438659184
-0.209883975,0.06464707555445279,1.6835546,0.3061677163940253,-0.0094849285,0.01833774025119349
-0.19757175999999999,0.06889105645581918,1.7347411,0.3249383025633043,-0.0065712001499999995,0.018321978431227192
-0.182176985,0.06861599935640189,1.80924085,0.3230469515086859,-0.0046336553,0.018397590472002373
-0.170542095,0.06359430927075907,1.85785635,0.28734768131681315,-0.004270874,0.017590890036334347
-0.15414076,0.06505646935736477,1.93191595,0.3057107600867336,-0.00151718805,0.017261335496468612
-0.12476051499999999,0.06292571866698211,2.0802464499999997,0.29153500910092894,0.0031892393500000003,0.017005785460350736
-0.10998968,0.060428119856781835,2.1622593,0.28458303081635744,0.00605284645,0.017264349972691245
-0.057708135,0.07774312912376062,2.3976848,0.3534237353710419,0.013084726500000001,0.01801238032467164
-0.015323182500000001,0.07062751674667157,2.5899937,0.326441125781532,0.018612721,0.017884957877539232
0.019457796,0.07349762813101311,2.7438525,0.34355470376587133,0.022920663,0.018508748878861194
0.049896315999999996,0.08023651377427377,2.9113122000000002,0.3689579851771099,0.027608685,0.01845437107112379
0.096001172,0.0782554652800706,3.1278648000000002,0.3753402912787007,0.034848041499999996,0.019997407568623532
0.132563915,0.08596303104152446,3.2989563,0.42157018158034054,0.0402657285,0.021523365133215986
0.166513305,0.07172031094469022,3.4593947,0.3610024279079721,0.044672498000000005,0.019553829301111204
0.192792075,0.07114415798092166,3.58984585,0.34860964755464663,0.049494654,0.019767941968025147
0.220514415,0.06406327084884693,3.73405375,0.3103816772772401,0.0526596755,0.019421524496195754
0.2402601,0.06739869345385316,3.8061876,0.33744838180621567,0.0551248315,0.019707550200464954
0.24962109,0.06984220734403372,3.8668674999999997,0.35499359567846106,0.0563522925,0.020180470300473593
0.26912017,0.08456776647422454,3.9465005499999997,0.4186263821002153,0.058626719,0.02205370563938418
0.26495344,0.07826332152640454,3.9568568,0.37674317068379104,0.060100427,0.021683362438743393
0.2607738,0.08673897216853119,3.9048403499999997,0.41034216659890543,0.0573552105,0.02190507943601565
0.23279356499999998,0.09603422873238254,3.7700598000000003,0.4600724079661598,0.0535582005,0.022520454296306357
0.214142465,0.07404366636773818,3.6694722000000004,0.36143969527444536,0.051222835,0.020307034262528646
0.183944145,0.08178968259377783,3.531872,0.40590326613890326,0.046152867,0.02072990244101243
0.157078795,0.09022853166695591,3.4158411500000003,0.4169549706988667,0.042854013499999996,0.02050905940032231
0.151291095,0.08976447025262368,3.3800688,0.4134022003115014,0.042816661,0.020271092152247414
0.124293125,0.068665668535202,3.23522905,0.3158443039049303,0.0384134065,0.018579624866460115
0.105482905,0.07035104268146596,3.16701275,0.3232373132413347,0.0360776295,0.018225838870824802
0.116059785,0.06399295602124401,3.23476555,0.31333574758544924,0.03719833,0.0179833360200973
0.115259995,0.05849607858748764,3.21229855,0.2835842607318318,0.036848281499999996,0.017721345136912574
0.12743754000000002,0.05397089183014881,3.2675473999999998,0.25922944460969916,0.0387598005,0.017649794929192907
0.13311003,0.05520335172487232,3.2981094,0.2771685755257673,0.038799085,0.017703733987008637
0.14624122,0.05794976511536444,3.37282385,0.28390556584495413,0.041292532,0.01789051385852927
0.15095383499999998,0.06616393681592336,3.3883196,0.3140224266474997,0.042336917,0.018770010155853795
0.17390825,0.07268170600736633,3.4816398,0.3512812595778064,0.045281406499999996,0.019135081868129265
0.197681375,0.061829155316302654,3.58839335,0.3061585533596493,0.0484139555,0.018980550962583997
0.182567085,0.05966078452647924,3.5380642,0.27412456214876896,0.0475354975,0.018209971950677764
0.18792061,0.055041179088721075,3.5729303999999997,0.25186420388596975,0.0487120705,0.018038268228998514
0.18805346,0.06803554575465631,3.58338685,0.30903414308088606,0.048964296,0.019069334489613614
0.204253415,0.06779457026355085,3.644074,0.3171764771637275,0.050745141,0.019197039516975264
0.21069893,0.06622959624353196,3.68693005,0.3071611218939758,0.051581827,0.0189746018700026
0.20917017,0.05719737651724119,3.68106885,0.2712028517946161,0.05181919,0.01877171579815203
0.198135755,0.07030621065837772,3.62768525,0.31168272759382853,0.0496628455,0.019561138633369113
0.207295065,0.06110848177217809,3.6773295,0.274529818577168,0.050681728999999995,0.01927143464604222
0.206355315,0.05621681367316631,3.6533363999999997,0.2579157998643116,0.0502779545,0.018942330209123684
0.20516624,0.042450843714182625,3.64138675,0.20902212039711035,0.0495811375,0.01839516203172356
0.19831097,0.05571229257849149,3.6024021,0.2687737330231689,0.0483178125,0.018745241453480492
0.20774399,0.0733773307672406,3.6450712999999997,0.34177427703504326,0.0490028615,0.02007370648701835
0.214386975,0.04523933479665748,3.6972669500000004,0.21510425009939227,0.05191384,0.018175387812602563
0.217184805,0.04241394766973723,3.7146434,0.21229708561398325,0.0525972775,0.018587580474934744
0.229610455,0.04314184433014074,3.75810245,0.20871412788662508,0.053675248,0.01887025741823826
0.23253692,0.043933696034368294,3.77642235,0.21313851395347583,0.054983544999999995,0.01858297875731611
0.23789031500000002,0.05208576563367625,3.79712195,0.2474626245777055,0.0546610285,0.019356349973477346
0.26512255,0.05112807334862689,3.9383377,0.24347652865594008,0.0598221075,0.019373358875410963
0.293327795,0.05375364325182108,4.05880345,0.26377529415815176,0.063379154,0.020438094931835085
0.312991135,0.04954784814042888,4.1754326,0.23859317703654076,0.06609548400000001,0.020357099958772416
0.321654375,0.06015858483952769,4.2261029,0.2871667993839584,0.0680295115,0.02157879825547839
0.32349823499999997,0.04425316643301094,4.221231449999999,0.22282040090730673,0.067077286,0.020784772251980197
0.310447025,0.04084803661803633,4.1603123,0.20615815174557442,0.065633656,0.02054400066386425
0.30629476499999997,0.049646360016313826,4.1583808,0.24424581619722857,0.06518472450000001,0.02012705935328081
0.3083709,0.06356914345366997,4.1487095499999995,0.3143102370550155,0.0649400145,0.021186681799558203
0.30619055500000003,0.049842579529741166,4.1422726,0.249901150244052,0.06508638950000001,0.020186836578950075
0.29653573,0.05326949419563485,4.09646215,0.2647103631475816,0.0634502425,0.02010222586478762
0.290443685,0.05590982519418045,4.03581825,0.2754774970204626,0.0626278935,0.02040255833078086
0.24374254499999998,0.07026633384879243,3.8556306,0.3611441489330395,0.0574047905,0.020892402081876735
0.235030315,0.06353208335153938,3.8072521999999998,0.33464165195084195,0.053556697,0.020227247933499164
0.232494315,0.04830665599615437,3.80256635,0.2423967690643117,0.0549664155,0.01906133049819721
0.23051883,0.0449381397309965,3.7829236,0.22134338151521693,0.054810434,0.018393784687153178
0.226580215,0.044162107182177855,3.7634961000000002,0.22648418946109852,0.054576717999999996,0.018281183341046246
0.222705865,0.04493710098561753,3.7484984,0.2277849973802236,0.053418171,0.018372502773291517
0.20946720000000002,0.04386322665509446,3.67168035,0.20740982058057325,0.051703047,0.0182233659344439
0.20111265,0.05282667248134773,3.6420231999999997,0.2671044991769801,0.050353588000000005,0.018938473133966897
0.18959711499999998,0.04701879665794655,3.58856895,0.2378692983455042,0.049036168000000005,0.01845176989630369
0.188477085,0.056240766290263706,3.5801179000000003,0.30318551484787604,0.048037536,0.01917958525143518
0.197107435,0.05240504268689548,3.61480025,0.26943220758732583,0.049031477000000004,0.018576590799417186
0.19834446,0.05363068090104583,3.63284635,0.26561314941409625,0.049620199000000004,0.018988951351690195
0.19359736,0.048771959473472716,3.58916505,0.24181849964101018,0.0492107445,0.017917119822391806
0.174919685,0.05620996225906073,3.4964896999999997,0.26444723886370347,0.0453352765,0.017835638980440043
0.127377615,0.06585313221998423,3.2975975,0.30244587596220085,0.0402605865,0.018072854072802777
0.153684405,0.06224086915136904,3.4095397500000004,0.28832387433803813,0.043638555499999995,0.01812210547828139
0.16518048,0.056215439945993886,3.48129255,0.2630785382640862,0.04586531,0.01791630016381208
0.17071862999999998,0.05525185968867178,3.4865336,0.2557546568212328,0.046033586,0.017850118956685715
0.17326813000000002,0.061032197723155435,3.4845514,0.2978354430675217,0.04656683,0.018515722725397275
0.15543857,0.05488199938554601,3.4191614,0.2536962152207091,0.044645631000000005,0.017889128796316676
0.14465709999999998,0.0510618217642047,3.36127055,0.2502787974285204,0.042349179,0.017751981212555036
0.12942017,0.05813054066804161,3.2827054,0.2840022278221141,0.039483366,0.017887835522799846
0.12143330499999999,0.06336838588908085,3.25332975,0.30604296048264906,0.0388626415,0.018797161542513225
0.12049443,0.06037033429482774,3.2464996499999996,0.2809570882971861,0.0383894885,0.018183051207213297
0.12495097,0.04716051610351097,3.2548914499999997,0.23938233107480078,0.038677601,0.016788283053226893
0.112355485,0.04457933554484341,3.19594815,0.23820284017849563,0.0375100435,0.016276777778294078
0.108184235,0.04380289500113099,3.178984,0.24552168389033402,0.037149677,0.016914632502676937
0.0991054055,0.0414920377585318,3.1267801000000004,0.22862688058135466,0.035062277,0.01700096464257775
0.11542406,0.04008554246862751,3.2083401,0.21285195438075932,0.0376717675,0.016672842123038545
0.127731565,0.04668411403739433,3.2772588000000002,0.22085010031609623,0.039087884,0.016946265434679794
0.125694105,0.04979480346913693,3.26072695,0.2343058021579928,0.0388398145,0.017303229752217878
0.14062492999999998,0.06322306206367471,3.3164638,0.2960647888383688,0.0403004815,0.01835754532896579
0.129208505,0.03988825423269386,3.2811663,0.1897269735800275,0.039814594999999994,0.016627396953780852
0.129971525,0.04318421303067869,3.285867,0.20229369943740028,0.0396955435,0.016861886307689894
0.126711465,0.04844001047605406,3.25157395,0.21369093105615988,0.03856108849999999,0.01711483887242464
0.124089275,0.05929323891033145,3.252589,0.2785976460317699,0.037808988,0.01777945452635756
0.13307319,0.04520443042919769,3.29230125,0.23471542989288038,0.039993625500000005,0.01780792125728838
0.144785245,0.0455987220010983,3.3476623500000002,0.23310469836897713,0.041772046,0.017678003052623865
0.143706155,0.047016419644981045,3.3498928,0.23045151584441234,0.041595796500000004,0.017599712147856737
0.14038414,0.04144912510552934,3.32975405,0.20801242148275045,0.0408601825,0.017216894751268298
0.13724876,0.03696209194404076,3.31675925,0.17851074446269305,0.0402614735,0.01694182546405322
0.13136498000000002,0.03824700837810407,3.29859445,0.20235912320828958,0.040034582,0.017093764491312665
0.140182955,0.040803897865346966,3.3212592,0.21078051217042718,0.0412184255,0.017108542943593128
0.15770868500000002,0.0436742947809853,3.4339073,0.21618802972849083,0.043501082499999996,0.017085976124608108
0.157072335,0.06358839610030612,3.4228774499999997,0.2995237643343076,0.042849786,0.018193483182604102
0.18284528,0.05399914175932335,3.5406235500000003,0.23524175871236241,0.047481720000000005,0.01809251556815174
0.18193029500000002,0.05142063204393342,3.5497201499999997,0.24322815283589855,0.047383961,0.018412307968535928
0.19068418,0.04129633814793098,3.5805157000000003,0.21301307938771136,0.048179705,0.01775085456464396
0.18608668,0.045449002091294606,3.5686092,0.23248427699445678,0.048039614999999994,0.01795332309154307
0.19024385500000002,0.04619104133235292,3.5696435,0.21415967293096827,0.0478364225,0.018008636052737708
0.184815595,0.0402193974604124,3.54823265,0.1904354835501559,0.0473563265,0.017392174322191662
0.18447034,0.039349144346440025,3.5375407,0.19347446495399095,0.0472161255,0.017663203702035914
0.183593575,0.037714417569760045,3.5312489,0.19501539771984613,0.046968253,0.017324452561217063
0.176824155,0.03540507262349443,3.5079703,0.17446825306330607,0.0465644905,0.017158784357112038
0.18040857999999999,0.03692073861043382,3.5271607,0.20011919847286075,0.046960801499999996,0.01728270284102816
0.18447164,0.03761292335713515,3.5571063,0.17839023751316135,0.048103180499999995,0.01742754580572947
0.18264772499999998,0.043807465650254215,3.5570435,0.20514033466312825,0.047760226,0.017547352762312847
0.183244275,0.05629354910291377,3.5410626499999998,0.2794638023814259,0.047273934000000004,0.018746698099901322
0.17827685,0.041034246130652346,3.52281735,0.21021509676032918,0.0468762235,0.017476504650279265
0.15885651,0.04573640718967369,3.4421279499999997,0.22986178791430342,0.0441673025,0.01752174357950955
0.159522885,0.050376469739529424,3.4087415500000002,0.23717591358892282,0.04300651,0.017920051661698227
0.1452211,0.0743334105901372,3.3351115,0.32741609541518163,0.0400025465,0.018628323210184386
0.138503545,0.06759133499126996,3.3009819,0.2989649310469767,0.0385679375,0.018492971350267378
0.13359064999999998,0.05072606377103628,3.2887525,0.22934146268557865,0.039003914,0.01717481557289952
0.11998347000000001,0.04407344692890803,3.2369105,0.20078015789804476,0.037585928500000004,0.016934873728734062
0.0903436685,0.0436060070532256,3.101722,0.21318432284677297,0.033303389,0.016641558663956165
0.077339955,0.042089402801246144,3.0345883000000002,0.21201448613959548,0.031991592,0.016960307950167237
0.060002494,0.0436135467789122,2.93367525,0.22126414338083278,0.0296988235,0.016092591705267573
0.046019201499999995,0.04526931964679442,2.87156755,0.20469435178231615,0.027534502500000002,0.015572475736729116
0.0335224045,0.058722386895715836,2.7976101,0.25470887151602806,0.024440714500000002,0.016619975892219672
0.018868377,0.08527872833776429,2.7502163499999996,0.3833617159153726,0.022956406,0.018994919121019856
0.012938739500000001,0.05529983941140072,2.71923595,0.24078879126802155,0.022076506,0.016377427192863413
0.010904351,0.053321870425490706,2.73085645,0.2405600866880554,0.0228577765,0.01605167182524029
0.016864389,0.044104284323498145,2.74476055,0.223198229166502,0.023457596,0.015568885278316959
0.013624141,0.045024948121034,2.73155195,0.22984478261806535,0.022604029,0.01570631377267033
0.006428636200000001,0.051268617451693733,2.709573,0.2586426246365772,0.021973223,0.016371454421031707
0.00477919755,0.04126911268565693,2.67866585,0.22470371678280238,0.021432016499999998,0.01603978290285528
0.0040005702,0.037454790624813064,2.67370735,0.205341950209567,0.021111042500000003,0.016086478749686044
0.0066861984,0.03953355047920817,2.6855077,0.20983679782720216,0.021405935,0.015624885041632695
0.0024146706999999996,0.039160028134594765,2.6730578,0.1930244113352265,0.0208313465,0.015846892099231243
0.017401971500000002,0.03931612780767697,2.7464114,0.19047051449933816,0.023588954500000002,0.016066664412335677
0.028038237,0.04393757473885962,2.79710725,0.2117338102782615,0.0246757485,0.01652371669290029
0.040148989999999996,0.05255145043629035,2.8643898,0.2549372418405558,0.0272315125,0.017098304386325192
0.037569961,0.06096145230398182,2.8511499000000002,0.29927651011743894,0.02592556,0.017152375514944758
0.0457424495,0.04235463562450302,2.89503845,0.2223159599385826,0.027656729,0.016492154193674585
0.0553113515,0.04254629467170497,2.9178691,0.22553082298934207,0.0282423605,0.0159756651740151
0.0593849735,0.04561247184740433,2.9575813,0.2379001861555783,0.029182537,0.016576435321225092
0.077855463,0.055555428499095574,3.0532952499999997,0.2682390182518993,0.0330998725,0.017057839120053434
0.07904843049999999,0.048595992744389735,3.0569943,0.2307910994596432,0.032418581,0.016456096838659937
0.0798053515,0.040622487138659305,3.06362845,0.19247108680047606,0.032839245,0.016160981497694415
0.0715849705,0.04759905327460062,2.9942786000000003,0.22243392014349336,0.0309945215,0.016508488685316264
0.066587232,0.048893746659699124,2.97047875,0.2369181995489116,0.0296268745,0.01628311594109622
0.055748493499999996,0.053098839858270436,2.91384725,0.25093326274341243,0.0281238095,0.0165131981329624
0.041973238999999996,0.04382373190632172,2.86331475,0.20863905934832006,0.0270649475,0.0159958518061451
0.0364219875,0.04836942313539036,2.8460492,0.2276953711142366,0.026210921999999998,0.016118858708480736
0.034193039999999994,0.05276612130305217,2.84644415,0.23914723149249204,0.0268200345,0.01666757668216578
0.020293463499999997,0.05923591272815899,2.78460515,0.2857538722760688,0.0248420405,0.01720538364705691
0.00572818215,0.04726183829227581,2.7114446,0.2256488863506512,0.0227500525,0.016025802648990166
-6.290458350000001e-4,0.04131684404313174,2.66777285,0.20195219278805654,0.0202915665,0.015264973464100717
-0.0036331887,0.03971461221021533,2.6691668,0.19049776421291775,0.0207115125,0.015070947134926686
-0.0118432285,0.04183161141927181,2.6191354000000002,0.20419722519465275,0.0194661425,0.015414852745747571
-0.025090451,0.04468724032121611,2.5649942,0.20714301705143123,0.017512932000000002,0.015715613337049305
-0.034552253500000005,0.060835617183560335,2.5053972,0.2613531033794218,0.015058262499999999,0.01672771823765756
-0.0411606875,0.04144654954880511,2.46843285,0.19223396659288716,0.0146533075,0.01595340286267861
-0.0442412095,0.041814431603744984,2.4588646499999998,0.19084488987946496,0.0141348315,0.015336410515325265
-0.047788857500000004,0.048221287750136003,2.46367255,0.2156026810376733,0.014780939,0.015618752838939558
-0.0542101945,0.04715375903715591,2.4328569,0.21720418018489468,0.013372710999999999,0.015461071059472637
-0.061928338,0.04483409765192586,2.38255795,0.21412645126182975,0.0122616665,0.01563641770409151
-0.05034575,0.045562248758617696,2.4296910499999997,0.23245601535400123,0.013578314000000001,0.015945993882394514
-0.0415573365,0.049876797832359016,2.47382655,0.2570470572799935,0.014927602,0.016259521157271813
-0.0370475095,0.03828255476941795,2.4911949,0.19595797360156803,0.0159255115,0.01596697227151807
-0.039687427,0.043886597248483934,2.48474775,0.2092938220569611,0.015436440999999999,0.01581823826863585
-0.0278845915,0.04554909339456244,2.5399372,0.20940541962775988,0.0170829345,0.015702101853074624
-0.0173753965,0.04708362963955163,2.5947409500000003,0.22449487226959208,0.017861385,0.015765398851974245
-0.01213762,0.04096469477677917,2.6144213499999998,0.19681985858874906,0.019528867499999998,0.015577257598540327
-0.011869850500000001,0.04828778207576201,2.6230124000000004,0.21032173675422564,0.0198346985,0.015877119150890857
0.011051157499999999,0.04113605662158073,2.71457635,0.1789972665156795,0.022475106,0.015925876401844247
0.0046843988,0.046833247989329536,2.6886233500000003,0.20569240815795378,0.022133904,0.01584739221265318
0.0016225221500000002,0.0464699144101214,2.66854325,0.2037254511404562,0.021572814,0.01636166230379595
0.00391536785,0.04371535039734361,2.6847443999999996,0.19631975496268528,0.0210967745,0.015382364879240325
0.00623743785,0.04536624511284015,2.69310105,0.20125980382786116,0.022241951,0.016473920301312405
0.011462265,0.04998272684330278,2.70176605,0.21698694938324348,0.0222693905,0.01641729447348905
0.011712543499999999,0.05915163945965413,2.7141914500000004,0.2614203584365655,0.0220901625,0.016829195609733765
0.00888030825,0.04513185934792768,2.7018107000000002,0.21662235782249875,0.0223002535,0.01571275572371839
0.00254927985,0.0452186371684186,2.68024285,0.2196873328656901,0.0212532515,0.015911398470710228
0.010755622,0.040598745477244735,2.7090207,0.19603682776906448,0.021972137,0.015880973039326424
0.0148394675,0.042248040962996516,2.7244763,0.20649593712568676,0.023078902499999998,0.016341479408997245
0.00753935,0.04426020859626711,2.6978807500000004,0.21766282318738292,0.021943555,0.01599045464330192
0.0017915491,0.04209312508329537,2.6757436500000003,0.20997614590999805,0.0213801265,0.015949702639856827
0.0069069301,0.04652054302261503,2.69865745,0.21855880403531688,0.0223133155,0.01599565480889186
0.0058385157,0.043989690623033845,2.6812814,0.21489745066444135,0.021155652,0.015745953722814003
-0.0035896773,0.06312441448257933,2.66442405,0.32741015178009775,0.0199140965,0.017653879768976713
0.0064968983,0.03519419006219482,2.6958591500000004,0.17546499758719536,0.022043671,0.015696893998600952
0.0089944109,0.048466461133277454,2.6981379,0.25117654343279366,0.0219453065,0.016987629469475567
0.0080245758,0.04827581326672225,2.6947197000000003,0.23144942087108414,0.021914069,0.016806769840183637
0.0202936055,0.07313048567638225,2.762614,0.36097225513630227,0.024333054,0.019797592373530196
0.0353908045,0.0468616405373232,2.8267595500000002,0.2265989719864462,0.0260086095,0.01696520246794741
0.033583639,0.044845516984818756,2.83765565,0.20811902381892633,0.0248955145,0.016197899991094687
0.043027605999999996,0.04504285694328027,2.87905165,0.21000595445167447,0.027247759500000003,0.015840144190909483
0.039449722000000007,0.046247250805303224,2.86893835,0.211795792284216,0.026671464,0.015723816933755713
0.03994314,0.047039558636870156,2.87368065,0.2162901414532794,0.0271986605,0.016653804411838745
0.040332980500000004,0.043076719407599995,2.8667711999999996,0.1970757704254155,0.0272365715,0.016474327088314627
0.0423247475,0.04460576728509863,2.87130525,0.20044078120002234,0.0273976405,0.015820528155321093
0.034170037,0.04836644620116947,2.8272405000000003,0.2249139318838831,0.026314526499999998,0.01569544025750608
0.0366980295,0.06238326053717443,2.83133005,0.28820605402915045,0.0261504575,0.01708333684027146
0.017902933,0.042001172976148055,2.75892805,0.20384037139829703,0.023825489999999998,0.01576219582356168
0.016115629,0.03965290774617656,2.7643182,0.19113140109472318,0.0237709835,0.015917151717684905
0.0135738965,0.04178889552031905,2.75613325,0.2083442185667853,0.0231254765,0.015934860830243182
0.016396041,0.04051790358888943,2.76307025,0.20644116170985924,0.022472253999999997,0.015694881941573445
0.0120726215,0.054448999617595646,2.73627945,0.2507493212971622,0.0231015885,0.01624229449950916
0.00658518725,0.05022600503519032,2.70503385,0.2256314015348802,0.0220130765,0.015478388354326801
0.0187874525,0.05419676945948579,2.7443689,0.2321316403032131,0.0234437295,0.016227739119196952
0.0244080435,0.050634814470021945,2.7912384,0.22566187382605607,0.024442981500000002,0.01644447326932866
0.0414806895,0.05026654664424017,2.855689,0.22488107324726986,0.026979291,0.016754161191093082
0.0542021995,0.04158333225720196,2.9311867,0.1930438937835666,0.028599902500000003,0.016213045795161293
0.0594189015,0.04588176372328334,2.9533933,0.20887127086789187,0.0301112225,0.01640097090519278
0.08082421549999999,0.04641178732375736,3.0482442,0.22448540535855707,0.032820387,0.017036565455188606
0.09326545750000001,0.054849868319296294,3.10778285,0.2695063682852062,0.0348247465,0.017082260085789086
0.112472075,0.04023497763698764,3.2043899,0.1920995661759095,0.03701324,0.01635721421376871
0.11084614,0.04661040360580128,3.2008212499999997,0.20965073268733206,0.0380996495,0.01676202483384984
0.123137265,0.04696989475485743,3.24044735,0.23840788868542107,0.0380750075,0.017199560456656486
0.128138505,0.05967130462379985,3.27716225,0.2868896665876665,0.0396527745,0.01768235249983877
0.12422888,0.0453945397683631,3.2616122,0.20589608860533265,0.0385992435,0.01663355273835135
0.11789056,0.03951396821482465,3.2255052500000003,0.193317666157356,0.0373707015,0.0163726817267043
0.117230365,0.04185378626006326,3.2198031499999997,0.20332503243979366,0.037195345500000004,0.016249133397727763
0.11297547,0.039446264986342384,3.21699585,0.19073229519103005,0.037290261500000005,0.016047079213066008
0.11653995,0.042111327125060626,3.25027405,0.21007308035444786,0.038335805,0.01656268862514615
0.12641723,0.047102203923728644,3.27275765,0.2326611389641973,0.039328759000000005,0.017233104079899465
0.14090306000000002,0.04478952038702502,3.3370933999999997,0.21211764920680326,0.041676613,0.017261499314543127
0.13108672,0.045514590913438194,3.29862305,0.23293447257798847,0.040177827,0.017540351182635406
0.146500405,0.0471215642733912,3.353064,0.2351849192450602,0.0416033695,0.017510849676712667
0.15952159,0.035235809436249016,3.4121795500000003,0.18298325846801708,0.043109727,0.0172484675569531
0.168370605,0.038044220414111145,3.4620435,0.20162129927711686,0.045076076,0.01789340903400626
0.18013454,0.04254110764748456,3.52783245,0.22075742277431437,0.047525052,0.018415918435958075
0.17950195,0.062029399722170975,3.5418691,0.2959134096336208,0.0488080645,0.018729987253439138
0.1813208,0.04582136674588948,3.5430282999999996,0.2218381234489968,0.0473627285,0.017834164100596937
0.16105095,0.04029338491636449,3.43460185,0.21667136408339374,0.043792656,0.017257062090760146
0.158742105,0.04034530479666953,3.4105938499999997,0.21134530442083815,0.043560734000000004,0.01722970094767564
0.14846529,0.042637109696321875,3.3646957,0.22503035312408265,0.0425139135,0.017558814699098292
0.14970283,0.04155022239617953,3.382647,0.21888081754661326,0.042464855499999996,0.0176244836114948
0.14657912,0.037740995693774614,3.35210545,0.203314648157493,0.041644682,0.017278035388909777
0.14146809999999999,0.03769799166620636,3.34654335,0.19891836700281637,0.041056879000000004,0.017367419741132418
0.130104925,0.042016538797267834,3.2968073,0.2171733197934559,0.039320243,0.017006601296963606
0.12757458500000002,0.053187470198613016,3.2705506,0.2573650016273149,0.0388941245,0.017933117792055447
0.124336615,0.04621336162716045,3.2567901,0.2219975519501493,0.0385802425,0.017546610038302612
0.11372612,0.050362863287331874,3.2046486,0.22586302031525995,0.0372146955,0.017062109191127568
0.11546495,0.04710679019260648,3.22221655,0.21600006500818836,0.037120757500000004,0.017168328242515688
0.11540666499999999,0.04641447273685317,3.21533385,0.2070089850457611,0.037024928,0.017174039916939214
0.110027055,0.04894308229927555,3.19506685,0.22713345642472607,0.0370184255,0.017059014764690583
0.10067454,0.05070735896397733,3.16070845,0.22049681380367228,0.036142548499999996,0.017067164156677805
0.103879525,0.04080383684836857,3.1478782,0.1972828961631167,0.035608437,0.01688391293950332
0.09676262050000001,0.04409878995288286,3.1419813999999997,0.2032184835179323,0.0356171735,0.016775385211249643
0.0925881425,0.04603874261694084,3.1139912,0.21272335208166449,0.034814031499999995,0.016409955300141926
0.09111702199999999,0.048675380912881906,3.1091806,0.22095611035203316,0.034117832,0.01651557129925158
0.0985393675,0.04899211146787842,3.1557345000000003,0.21938164769723376,0.03572212,0.017031137301941227
0.086144002,0.058660528219365723,3.06718615,0.2593433347859643,0.033162052,0.017398522469281648
0.0695929955,0.07847970364417843,2.9931839,0.346116848047437,0.0299939835,0.018637918476071512
0.086178695,0.05549971301796017,3.0888307,0.25164023923253975,0.032849951,0.016930339949129448
0.0898577585,0.047580572379084765,3.0759729499999997,0.22188535003550522,0.032678366,0.01683181048201153
0.089344158,0.050630264036945524,3.08699695,0.2445600412658685,0.033328154,0.017250414909927566
0.0778538475,0.05144724346069132,3.0419903,0.24053540199122264,0.0316638675,0.01760093238358112
0.062858881,0.05263060851542762,2.95101735,0.24817754160853817,0.028091386,0.017055134979457622
0.0518081055,0.047150862169798746,2.91360425,0.2259398362987423,0.0279651235,0.017007000667435743
0.0556605905,0.05050976270998544,2.91454125,0.2317392819731459,0.028643682,0.016566002199166034
0.049526508999999996,0.04881248012849721,2.8994412499999997,0.2235200792764584,0.027948887999999998,0.016367728036529146
0.0376879505,0.053942077577981494,2.840167,0.2370921083188871,0.025900198,0.016199977486317418
0.0355000195,0.04901207291005767,2.82515055,0.22344465075996633,0.0257170965,0.01581530640333398
0.037744281000000005,0.05475182442015457,2.85973395,0.2539236903855117,0.026554454499999998,0.01644749280007621
0.037225955000000005,0.05792899618340209,2.82834695,0.2583920974625044,0.024968447999999997,0.016858740549807075
0.034317174500000006,0.07397607352200711,2.8194405,0.35345823559415807,0.024673346999999998,0.018281226826727934
0.026403579,0.053979065183774426,2.7840265000000004,0.2673011491634261,0.024192046000000002,0.01675678792717702
0.0252947125,0.05279196121360823,2.7842826,0.2588950484878288,0.0246517945,0.017327088879198222
0.014436976,0.050222847572270773,2.72808715,0.2589740803733626,0.022238906500000002,0.01700096952565878
-0.00371870095,0.046373138622957,2.6625159,0.23905555348478846,0.020533662,0.01607083265542001
-0.006799689899999999,0.04898294838247908,2.64821095,0.24770567930377374,0.0199195445,0.016436141515202098
-0.00933770935,0.0506283460475831,2.62933445,0.2545398768054696,0.019934095,0.01659732228775913
-0.012838054,0.05830518835814575,2.613472,0.262866013894761,0.0199251505,0.016815237615652748
-0.0080032543,0.047281127139306774,2.6138351,0.2145912391635715,0.019505916499999998,0.016350102283681958
-0.011384074000000001,0.04897877813191736,2.6189212,0.22149185268838742,0.019609467,0.01630980606261924
-0.033362257000000006,0.04763860560239622,2.5251342,0.2214443373688813,0.016520425499999998,0.016005512719782712
-0.043962821,0.05167470866034585,2.4579918000000003,0.24743955914350615,0.013986999,0.01636629931836138
-0.042057306,0.05024218300875701,2.47307935,0.24295356003870078,0.014112457,0.016314041738302074
-0.0491239965,0.06778652620282262,2.44228305,0.30914882143414,0.0135916405,0.01750105972369227
-0.061406564,0.059529461991215754,2.3779085,0.28378453073529597,0.011539490999999999,0.016988245430758036
-0.052374238000000004,0.06022587302726717,2.4196379500000003,0.28048968081537434,0.013029818,0.017269329172279423
-0.047906054000000003,0.06482310053054396,2.424142,0.2821184184435242,0.0134238715,0.01688158854363355
-0.057897249,0.052792223491496926,2.3934904,0.2431367528904248,0.013169345499999999,0.015901916685865738
-0.051522745,0.050821239886186004,2.42543365,0.22846653702651745,0.013424279,0.016177002836144594
-0.059230305,0.047328717036797294,2.3941735499999997,0.22529627825784362,0.012793179,0.016377325802798177
-0.056777209499999995,0.04708501414137755,2.40319695,0.23442171195247363,0.0131825065,0.016497608759540025
-0.047277609,0.05644576692186531,2.4360110500000003,0.262508123635625,0.014524435499999998,0.0176009683152153
-0.060666781,0.058060292056105973,2.37796465,0.2654919362806544,0.0121145205,0.017146744979050974
-0.0629188005,0.04609432833643824,2.37240795,0.2106237719211524,0.0121730625,0.01594521808582141
-0.055251168,0.05057940755241156,2.3888835,0.24615570799523526,0.012446204,0.01630482515330296
-0.061512739999999996,0.05825094517823868,2.386525,0.2610100645450032,0.012299243,0.01610251203947205
-0.08556209449999999,0.06342959366679031,2.2682387,0.28490074080241135,0.0087634568,0.017097393343050972
-0.086607714,0.05880741263022899,2.2770717,0.26704457167888834,0.007981148149999999,0.016532194171609796
-0.08695122250000001,0.05770152127714389,2.27061195,0.26855801935242984,0.0074852257499999995,0.016527338312255363
-0.11180465,0.057263647896899965,2.1660837500000003,0.26564276460032693,0.00471204775,0.016694708795660897
-0.120353795,0.052720927179738905,2.0926675,0.2335743257718387,0.00319120965,0.016460661973197243
-0.125013575,0.0602243516482631,2.1004859,0.27447736260698513,0.0024357549499999997,0.016708173708809053
-0.128181395,0.05392634445857312,2.04435625,0.25866798583051825,0.0015736338,0.01657362610309404
-0.137938715,0.05321616320036363,2.0017657,0.26151959090960364,6.4089168e-4,0.016735780493326878
-0.149043435,0.05525009648155009,1.9795443000000001,0.2660019605125656,-7.60188875e-4,0.017609503672136612
-0.16735198,0.07051394465167478,1.9006479,0.3283826869071658,-0.00247793765,0.018937881357221284
-0.18511961,0.051929106145180044,1.8244989,0.23218183768742315,-0.005502379050000001,0.01691806803366242
-0.192690275,0.05223106988558529,1.79439075,0.23029052959425753,-0.00641678085,0.016747336796630975
-0.19475647499999998,0.05395180795820048,1.7780303,0.23908729227985828,-0.0067725547,0.0174974322157368
-0.19255451499999998,0.04883263200103137,1.7877641,0.2440029702737314,-0.00637229395,0.017405235086710533
-0.1980862,0.042877007485358914,1.7409352999999999,0.22487121858002518,-0.0075434565,0.01720683198297977
-0.19449722,0.04634287957245904,1.73703695,0.2500879433197206,-0.00744498155,0.018074165202070103
-0.201944725,0.04683943237120786,1.71921215,0.247529858360792,-0.0085815506,0.017465687263393204
-0.224398535,0.04596553716243979,1.6264714,0.22689923501958068,-0.011855171,0.016991431663767962
-0.226979675,0.043136912964055224,1.62362685,0.21756191901724853,-0.0117207245,0.017124364320813764
-0.222677145,0.04137628254230623,1.6419977000000001,0.20740735281652656,-0.011849963,0.01766605266461658
-0.2200701,0.046056167640148,1.6538355,0.20832049022571647,-0.0114048285,0.01707837398286918
-0.22055523999999999,0.047148097741782906,1.64667045,0.22339433846767784,-0.011358476,0.017446014992779108
-0.21418919,0.05384143767106345,1.67635575,0.24676790877514077,-0.009716814399999999,0.017465719723770517
-0.21479948999999998,0.04401418046334718,1.66764725,0.2076394668857422,-0.0109586775,0.017307041799260993
-0.22867279000000001,0.058398063796497236,1.63071415,0.24821252463964302,-0.012329853,0.01800811312484824
-0.240238325,0.05151995082004972,1.5458197,0.2318987421309522,-0.013975567500000001,0.017688525243303724
-0.24833602,0.06632876993192281,1.5089296,0.2890269463805347,-0.0158471315,0.017909931099856037
-0.25354157499999996,0.052354555399653536,1.49704425,0.22564160480447398,-0.015792866500000002,0.017559152186904722
-0.249263835,0.04691891783984391,1.51963395,0.213809089314858,-0.015308722,0.01777217269106742
-0.247607625,0.047389909270096064,1.5046791000000002,0.2353832560202219,-0.015786209000000002,0.01801455635955154
-0.24348149,0.04013141463519533,1.5364364,0.2106097731012252,-0.0151769495,0.01719796027981026
-0.24511633500000002,0.03850321046959442,1.53116135,0.19094381693504975,-0.0152778935,0.017128319688845546
-0.23776366,0.03838215066017272,1.5675987999999998,0.18490057084354852,-0.013669086,0.0173116550936515
-0.23908708,0.043302925220209794,1.562459,0.19706838817085717,-0.013646034500000001,0.017727610013215708
-0.23975985,0.042356945016443985,1.5595829,0.19060081965627035,-0.013692972500000001,0.017552834035199347
-0.23811233,0.06156273577137491,1.5741565,0.2836543351382471,-0.013039037,0.018123324244368775
-0.236143865,0.039256272651207014,1.55500435,0.18779766430453543,-0.013864647,0.017492218684596317
-0.23478054999999998,0.03722768627610474,1.5671045000000001,0.18643988570451453,-0.0136235565,0.017440493536754236
-0.22985113000000001,0.04052413200961628,1.5942766000000002,0.19169935723429193,-0.012577343000000001,0.017450147569555204
-0.22498071,0.047018542633548745,1.6198510499999998,0.21632711371580587,-0.012141472,0.01795667048146068
-0.220929235,0.04613527313053563,1.6421459,0.20447861403270026,-0.0108803165,0.017782288529549113
-0.223070015,0.038192887037032594,1.6199751500000001,0.19348132268421228,-0.0115580905,0.017171570360008447
-0.22337219000000003,0.03669669370456947,1.6245699500000002,0.18391485756732914,-0.010854325,0.016619670805541036
-0.23212872499999998,0.03885203974804244,1.60704085,0.19303664076995455,-0.0115711355,0.01693135195460031
-0.22461953,0.04332746605998165,1.6414668,0.19951024433764075,-0.010232051499999999,0.01686015316813075
-0.203331815,0.05024071847064549,1.7160058,0.255986335505934,-0.0086247027,0.017526454472511267
-0.20310838,0.04179118166329346,1.71847445,0.21109363477264823,-0.0081372701,0.017263405324572146
-0.19065561,0.049169989999703956,1.7618862000000002,0.24389483144028126,-0.00701180615,0.017741051465048705
-0.185799825,0.059197069061987885,1.7929567999999998,0.2637340101894271,-0.00599847595,0.018089975543885396
-0.191467145,0.04262744916051607,1.75832985,0.18737390275998625,-0.00698598405,0.016548552499596247
-0.186903845,0.04445345631801931,1.7996750499999998,0.19218529678402804,-0.0067505646999999995,0.01680519994929858
-0.183176585,0.04677236425473255,1.80634885,0.19842130482412834,-0.00534098635,0.016250267603182635
-0.17354671,0.043704662809172026,1.8541859,0.1936424952550753,-0.00457376895,0.016264044917382176
-0.163912815,0.040535869060024446,1.9087372999999999,0.18532500237533045,-0.00344325365,0.01601771428198957
-0.16381603,0.037557724348527124,1.89663115,0.1928051208864681,-0.0033602683,0.016267681973223324
-0.16032011000000002,0.04171590649833494,1.9133192499999998,0.20074343092931887,-0.00194316945,0.01603018111370962
-0.158992645,0.041213871374562075,1.92567445,0.19680742991211372,-0.00190810115,0.016262853934714536
-0.149039735,0.059175469393796185,1.9658034,0.260026140362946,-3.9247071e-4,0.01742473038062102
-0.14285568,0.037741125559652436,2.0156921,0.18890774847547853,0.0015559829,0.015966768599555026
-0.125828385,0.04501287871484142,2.08690145,0.1982896822042767,0.0034712976,0.016130526831215786
-0.12120012,0.04306544735847374,2.10618925,0.19393765444791428,0.0042938456,0.016112131211905946
-0.11694597000000001,0.054937551761871116,2.1374321,0.25120762590106255,0.0046988956,0.01693571370371095
-0.115696935,0.05268930157636239,2.1372016,0.23100390518163452,0.0051152977,0.01676502152663701
-0.09134578700000001,0.04248709270478269,2.2456819,0.19599550189358764,0.0081382991,0.015930831978850674
-0.07462350549999999,0.041926607463315786,2.2954337000000002,0.20163353277673504,0.009754840349999998,0.016030454429044248
-0.057567028,0.046249536730887275,2.3767089,0.22590114390366736,0.011975137,0.016492361077146984
-0.048989572499999995,0.044949216480175865,2.4308691500000004,0.2172018854073899,0.013476032,0.016245669093972938
-0.026849908,0.04136016453234297,2.532744,0.1989527096995638,0.016897248,0.01575259941009076
-0.0176618385,0.04153566253520093,2.58635555,0.1839481948455324,0.018579924499999997,0.015379487704080841
-0.0080707277,0.04329077579144382,2.61901085,0.18307614652282633,0.0187682835,0.015622995922410149
0.00213789745,0.05341487129315251,2.66262765,0.2544829439976553,0.0205884265,0.01656611734097318
0.0117500185,0.03709975446769845,2.72977455,0.1896124276957588,0.022501169,0.01575816756479771
0.0177419615,0.034727509497963334,2.7475386000000004,0.18306525908576618,0.0230457455,0.015469042896375029
0.018142321000000003,0.03695919042279464,2.74127195,0.19617635195968033,0.023669133000000002,0.01575840921105788
0.0201267225,0.03587092623554519,2.7610589,0.18955667600904633,0.0240302295,0.015867321887973792
0.036192296,0.03550367202078028,2.8407774999999997,0.19394516923258662,0.026525384,0.016061461928049893
0.037423768499999996,0.03286514143463254,2.84215285,0.17397497580462293,0.026373959000000002,0.01598125345299843
0.0430452625,0.03943554383654634,2.8625860999999997,0.19949691708960735,0.0269704125,0.016310466632956027
0.0437374125,0.04200287063230213,2.88198015,0.19723386390195152,0.027961412999999997,0.01620608833613788
0.0393105255,0.037464547993558785,2.8505004,0.1861898063468426,0.026437899,0.015829204297905956
0.040351244,0.0339213983182025,2.85009075,0.17778427223803137,0.02620059,0.015573000078080717
0.029507034,0.03623241584210874,2.79666395,0.1846674648620052,0.025032735,0.015263372851612701
0.026988416,0.04102593972751628,2.79032475,0.1960623101223953,0.024297936,0.01563275109531117
0.023964488,0.03649082328201851,2.76612305,0.17472917057504153,0.0235836915,0.01557178028520492
0.0261640575,0.0395707321501772,2.77369595,0.17743710134287538,0.0238602605,0.015714038422894795
0.014941095500000001,0.046017197721869886,2.73217095,0.21469309823795973,0.0229014975,0.01598011735709995
0.0225590705,0.05886961416376707,2.76635765,0.2543918104367103,0.0232699985,0.016899206425207525
0.00703670345,0.07446485676212933,2.690839,0.33294910594141225,0.0209844295,0.017720925801945422
2.22030615e-4,0.05733660137317161,2.6500494999999997,0.2499700105889703,0.019930273499999998,0.015904030043961834
0.0073712592,0.04648449942852655,2.6926966,0.2165785834279505,0.0207712885,0.015683382643089407
0.010344220500000001,0.048051045995370655,2.6938945,0.21775576710734554,0.021201278,0.015650775761932526
7.75731215e-4,0.04677340679905958,2.66778595,0.21679272184028361,0.0206107105,0.01545885029260557
-0.006557922000000001,0.047635096757054796,2.65836675,0.2138907346991942,0.0212663965,0.016127516215353934
-0.0103181425,0.041347149964838924,2.62908005,0.20421912716364438,0.019702722,0.015964951443022873
-0.012751713500000001,0.03756762152375506,2.61434345,0.19913607109642767,0.018557178,0.01574319955201889
-0.013054345,0.042068807921771235,2.62431515,0.21203813869222946,0.019189453000000002,0.01586185577138618
-0.00657951205,0.046852255653098876,2.61707645,0.22227116592019774,0.0197314035,0.016335350504645907
-0.012405138,0.034840763931471355,2.6020705,0.16796077066129209,0.019044410499999997,0.01545681492788441
-0.00692046065,0.040357768187490733,2.61993525,0.2009731996337493,0.0196179475,0.016280359431179073
-0.00364791605,0.04113355750264543,2.6331476,0.2124338795302919,0.0209062,0.01632714818250605
0.0026079902,0.05963496306524501,2.6814644999999997,0.27250857188986116,0.021264572500000002,0.01695006589750965
0.013952046499999999,0.049415231835197165,2.7536347,0.2262588195238469,0.023404618000000002,0.016190588514980828
0.0168855195,0.03917705940384056,2.7589109499999998,0.19860733474151535,0.0234400185,0.0157324748923373
0.0331194395,0.04229864471822106,2.8200102,0.20387617000756134,0.0248373415,0.016134636184933663
0.040495143,0.04461441893785561,2.87113805,0.2005364703561248,0.026536490500000003,0.01635202239870194
0.053059433,0.04638350695849965,2.90122165,0.23791691572332524,0.0284377015,0.01698210708789714
0.0557160275,0.042878318085675146,2.9190385,0.20074593488181267,0.028860279000000003,0.015995929706333952
0.0556831495,0.04297628980370384,2.94123615,0.1966127482447337,0.0294253635,0.015930316937734147
0.07117949,0.049213527001844365,2.9884095999999998,0.22885218384290743,0.030522009500000002,0.016482084732431627
0.0943269745,0.06604852560507764,3.1255946,0.290027145023499,0.0356665025,0.01766021600567372
0.10670286,0.047982366224106586,3.18300985,0.2126051651156804,0.036264686000000004,0.016770201502073475
0.107632145,0.04790502388567698,3.18558895,0.2189829753735714,0.0365702715,0.016914573738345033
0.11129918,0.04351000921325519,3.1873264,0.19328361557982673,0.036504685499999995,0.016383225795729116
0.10494438,0.043092795205561675,3.1653262,0.19968648332960742,0.0352631615,0.01637595396939997
0.11780065,0.03860424715106012,3.23405275,0.173592372761508,0.038091103,0.016612006200169213
0.121535355,0.04453248243965698,3.24886865,0.20827885388344256,0.0385192865,0.01689340239529456
0.121846175,0.048107703725647724,3.2466357,0.22449226952760484,0.0382589995,0.016968202856678265
0.1124018,0.039741672914369586,3.193429,0.18292629956295578,0.036962398,0.016285069907600265
0.10612133,0.04147252517585316,3.1664586999999997,0.19090942457280938,0.035708990499999996,0.016574717901084758
0.0990661535,0.046897507446573436,3.12265795,0.20532008986123446,0.0343986565,0.01667192567823443
0.10212760000000001,0.0408922613733544,3.1411285500000004,0.1876677759956863,0.0353492575,0.016177478524580104
0.10005215,0.04589266398985533,3.1300644,0.21690607133599468,0.035573628499999996,0.016698946748697756
0.100319205,0.05255908882566253,3.1327145,0.24429134050808785,0.036187504,0.017269334955769624
0.10093049500000001,0.038902328398873115,3.1311509500000003,0.18989659764042527,0.0353536525,0.016236054858208816
0.099858663,0.042713660926682884,3.13656455,0.1964376828986839,0.035481731,0.016501162522354312
0.09701472750000001,0.04507758505584987,3.1276743,0.20652757564131324,0.034292716,0.016546057047788658
0.102541405,0.04457709007797364,3.13419115,0.19770080958952896,0.035535660999999996,0.016402677396474608
0.112026925,0.04080245071401304,3.19488135,0.19872673749694933,0.036807136500000004,0.016675868400197004
0.100172665,0.04467445661908638,3.13966355,0.19411761590572585,0.035612642,0.016325771707136134
0.09330205750000001,0.04424508618016562,3.1068036,0.19437136411753544,0.0344704105,0.016552989019957158
0.0881117555,0.03399974982016019,3.0904751,0.17114052574370495,0.032994313,0.016243276641067714
0.086973240499999993,0.0369129754453536,3.08177725,0.16647282794884435,0.033462533,0.016054935807461475
0.0810629705,0.039729683305040106,3.0499463000000002,0.17839358172318137,0.0318716215,0.01621344444666194
0.073027111,0.0378054775658566,3.00436,0.17285758267569473,0.031228066999999998,0.016071601604100278
0.077605609,0.03660282636862331,3.0337193,0.18947160405986316,0.031585101000000004,0.016327202840834124
0.077106612,0.046787729199799684,3.0473882,0.22611157317629726,0.032583114999999996,0.01639451444923968
0.080201705,0.035112372890681844,3.0449629,0.16390861641757679,0.0322601025,0.016091168389775867
0.07979725400000001,0.040285919979238596,3.035374,0.1941311482200098,0.0322591825,0.01632479851144014
0.0731828935,0.048266319416133255,3.0127868500000003,0.22695075921990937,0.0310505165,0.016815089957866472
0.0675040175,0.04953087132349563,2.9932724,0.24610840911689627,0.0308496455,0.01678359776400882
0.06771192349999999,0.04195407696090718,2.9915755,0.2024880148001202,0.03098791,0.01617366873949085
0.0591250735,0.04194987950856309,2.9555873,0.20698741513282348,0.0293992505,0.015466434489726023
0.045371467,0.04725833480848585,2.87587005,0.20891666803880118,0.026863625000000002,0.015569943958324941
0.051718659,0.04048047292184417,2.90443435,0.1786246848182114,0.027574322499999998,0.01535569449738002
0.0609403855,0.037510607969093904,2.9671224,0.17779130612514873,0.0296516105,0.015869491906635145
0.0566588315,0.04776594179672188,2.9544038500000003,0.2227812172218034,0.0298691725,0.016624417035676013
0.057769794,0.04649951521909045,2.93753805,0.2140691941811406,0.0301216655,0.016829189988722446
0.0552283695,0.049707229091863696,2.93144905,0.22283260204345198,0.029140949,0.01685824534245688
0.0553321195,0.06734209973818736,2.92742915,0.31558159133399744,0.028084772,0.018128250549265423
0.057318121,0.04763551761583771,2.94155195,0.2298941440681966,0.0287463435,0.01662126644145279
0.050197861499999996,0.04610910653243159,2.9143425499999998,0.2149858944356279,0.0284630785,0.01626723661974187
0.045601531,0.0448298979303888,2.8849508000000004,0.21266373905281255,0.0280195755,0.016177467552641555
0.0487878365,0.04269132592972424,2.89371875,0.20394141816372272,0.0283007765,0.016277313367481037
0.0478924945,0.047389217832756396,2.8933021500000002,0.21564057277437654,0.028450082,0.0162365204205694
0.0357940875,0.04860930888953127,2.83295655,0.2180589102022476,0.0261159755,0.01631766411377127
0.0272198715,0.04415745316063275,2.8046496,0.1994071017780785,0.0251680875,0.01594281691725303
0.028342729,0.04544096777536893,2.80514185,0.20524785957780395,0.0254958695,0.01589221880466835
0.0167217345,0.051544840454327945,2.7496266,0.23097911407997973,0.024151591,0.016281970766146858
0.011463062,0.05342923953411251,2.73212955,0.23500356356527022,0.023675777000000002,0.016342809577312337
0.0041077001,0.04736929332766237,2.69351575,0.21661401761081786,0.0220316635,0.016360079970942187
-0.0131693965,0.048196648164114925,2.59237495,0.21944886418973458,0.019433394,0.016775159049390906
-0.026235435,0.07922992727634624,2.52338885,0.3801865005518621,0.0179966035,0.019472729613321645
-0.045630552000000005,0.045637652194173844,2.45470985,0.21849862220333574,0.015229995999999999,0.016229614451101482
-0.056705158500000005,0.04628414806301731,2.4189690500000003,0.2026000873705664,0.0132728945,0.016190459153557976
-0.062061709,0.04865674211874661,2.3880758,0.21046756573081082,0.011944005,0.01624524132613409
-0.070137137,0.05336857374975983,2.34771405,0.23866909453285726,0.010994086,0.016523279616315716
-0.103005035,0.0492619125627284,2.1765217000000003,0.22795400404635713,0.0053342588,0.01586067349583119
-0.12130703500000001,0.04939114536649688,2.1220577,0.2218337452840763,0.00379389375,0.015832716681387075
-0.131871315,0.055503530485489394,2.0518281,0.25921546370416915,0.0024465444000000003,0.01654275226022032
-0.149117375,0.050616414585564866,1.9637053999999998,0.24220662619035682,-0.0010515499499999998,0.01712534741561583
-0.16954118,0.058394916888940135,1.8896258499999998,0.2656856116863403,-0.00330259755,0.01781224986029088
-0.17800135,0.048278203999600734,1.8220863,0.2223754814696931,-0.00524128155,0.017102132590555697
-0.18597214499999998,0.05618722724679072,1.8056374499999999,0.2585830212020401,-0.00595651205,0.01692211821205842
-0.19625165,0.04947837009121087,1.7577451000000002,0.22997911749019212,-0.0071436259499999995,0.016506294018726005
-0.20658442999999999,0.061371372495301425,1.7164053,0.28461914280537526,-0.008535042100000001,0.01753540871136996
-0.22049511500000002,0.0479491919588191,1.6705562,0.238296734480917,-0.010836657,0.016811629974818904
-0.22463182,0.04769342114716241,1.636377,0.23688113608219988,-0.011509295499999999,0.017063775432505604
-0.23290586000000002,0.05151007553225224,1.58951,0.24793746100553704,-0.0129999355,0.01719213034673872
-0.23686009,0.04797331902998771,1.55778545,0.23467485621015977,-0.0133438125,0.01712192261426112
-0.23874049,0.04687927944964901,1.56942935,0.22742790965225204,-0.013434773,0.01696518303032765
-0.24081216,0.04870793574806712,1.55848545,0.21816199252994184,-0.0141056935,0.017606035827765407
-0.235036505,0.04963411065818119,1.57455075,0.2292203935004664,-0.013608816499999999,0.017719375194731005
-0.239564745,0.05522022746890058,1.5580976500000001,0.23594295714460373,-0.013568430999999999,0.017848519709789425
-0.22667292,0.05135656612675958,1.58745445,0.2188886753258609,-0.0129087065,0.017430238923222624
-0.225476935,0.04934982626895037,1.6173250000000001,0.22975634475911594,-0.0117928035,0.01818985062312467
-0.2115437,0.047729135747529884,1.68844,0.21703562935584647,-0.00920559205,0.017364527570492984
-0.198660685,0.050811445891053915,1.73632855,0.2348601800967301,-0.0082409715,0.017825482498410147
-0.193537495,0.05744361406729707,1.75395565,0.26689005577680047,-0.0072137521,0.017948685172017694
-0.20655816999999999,0.04817621341160678,1.6981077999999998,0.2327258915324731,-0.0091599755,0.017423994159789798
-0.20082862,0.04627559827302891,1.73238255,0.21428257608716086,-0.00825544185,0.016540390609045
-0.19252270999999999,0.04126535702391812,1.7699891499999998,0.19269489998273098,-0.0069825938,0.016475625110228993
-0.18800413500000002,0.04276822036413831,1.7841781,0.19134141132409668,-0.0066328164500000005,0.01675345195366797
-0.19042265,0.043232708909067497,1.76582945,0.20750246451183918,-0.0071016001,0.016891436835639297
-0.18886385,0.044616499179625506,1.76946565,0.21748796072031903,-0.00732686125,0.017409058749051114
-0.174040725,0.04324437726727433,1.8334053,0.22757764442725414,-0.00457245835,0.017212767216642045
-0.16145915,0.0395962948499849,1.91627165,0.21719189745511097,-0.0025902040500000003,0.016837293588609803
-0.14825861,0.04479254432149088,1.98632615,0.24597118244059088,-9.91440635e-4,0.01658581226476803
-0.14680344499999998,0.038797681078746454,1.9979489,0.21331358988224852,-4.1611325500000003e-4,0.016196236221508998
-0.142154715,0.04740897337023602,2.0025684999999998,0.21723938572348694,2.8591325000000003e-4,0.016551275537775013
-0.14482028,0.04967266497813774,1.9654283,0.23244314152343346,-6.167866749999999e-4,0.016230494633203064
-0.152662715,0.05768437992284,1.96097145,0.26593112674283226,-7.9050119e-4,0.016610898595923133
-0.15522508499999998,0.04785961180283257,1.9440282,0.21353234682627656,-0.00102972685,0.016257450574996155
-0.15301711,0.041598374404344746,1.9525294,0.1887903559878724,-5.54538865e-4,0.015826256907925017
-0.162033985,0.04813457477612705,1.92155795,0.2198115831048727,-0.0013088946500000001,0.016417590392856223
-0.17040543,0.043624596149025544,1.8903159500000002,0.2209377413893824,-0.002673056,0.016478041662901906
-0.177517125,0.03590140866118368,1.84427905,0.18182710543167602,-0.00436861305,0.016141420877625413
-0.18981070500000002,0.043566896149300635,1.79068665,0.20162560973030302,-0.0061513989000000005,0.016919565496230724
-0.18389150999999998,0.048213269038858544,1.8029641,0.22314223975350717,-0.005881601849999999,0.017459117860971797
-0.1857564,0.06153262603420201,1.7851218,0.29626219768497597,-0.00501264565,0.018704926503395697
-0.17554536999999998,0.08486487597821611,1.8345495,0.3971733556706222,-0.00477216,0.02073012289676529
-0.186870415,0.043534177933724924,1.7833108,0.21058004248159473,-0.0060647148,0.017067821163166748
-0.213109295,0.049569834795563227,1.6788835500000001,0.22882175186047626,-0.0098733152,0.017293181859529935
-0.21735224,0.05179384868604935,1.64963925,0.24925392860136591,-0.0109736645,0.017601325215241555
-0.231612645,0.07014423754209277,1.5975484500000001,0.32223440249429197,-0.0115150385,0.018839633948694343
-0.231223125,0.05287107721996459,1.58964305,0.23962121461117375,-0.011923969,0.017382641435650818
-0.22856698,0.048913032618844,1.60919235,0.23028542680276043,-0.0117508995,0.017624617807099938
-0.22010299,0.052337554675868016,1.63963905,0.23814695515080941,-0.011437675000000001,0.0177317525533678
-0.21119786000000002,0.04580501198922288,1.6853376,0.23015059508230915,-0.009683107699999999,0.01725644307639626
-0.19844962500000002,0.05079162929976413,1.7330478,0.2565548019044331,-0.00884640225,0.0173741090848804
-0.199241075,0.05019587306031676,1.73901745,0.25920650445450016,-0.00818350525,0.017776204343621472
-0.2015088,0.04920360512325988,1.7429681499999998,0.26365723697377175,-0.008388702500000001,0.017408202617771738
-0.20684513,0.05024996724136261,1.69242425,0.2506714403645643,-0.0096839513,0.017067284154028625
-0.19812188,0.06449127343733312,1.7268637,0.29799625700160554,-0.008310030699999998,0.01823404441614459
-0.206122385,0.04997736018602565,1.7190133,0.22315121125075707,-0.008251510600000001,0.017536865602673955
-0.197372615,0.05103818287186959,1.7462556,0.2318707148839026,-0.0070159463,0.017571614367058702
-0.199480785,0.049313276436003424,1.7540876,0.2142276252339067,-0.00676393745,0.01762960209422734
-0.20745649,0.0495705623963552,1.70061455,0.24025929826155804,-0.0088053149,0.01768904203290506
-0.20197968,0.05755911938171041,1.7467795,0.27599486755349883,-0.0079702974,0.018368411370109885
-0.21949068,0.05534546752100111,1.6360934999999999,0.25487400039335123,-0.0108722955,0.017976098424482695
-0.24216456,0.06969108316704917,1.54818625,0.32103842348750633,-0.013415707499999999,0.01930576922738167
-0.280356205,0.06609135970836182,1.36179185,0.3144502165760708,-0.0193671965,0.020097239381727687
-0.383748005,0.08562236690787388,0.91938806,0.3832150642829472,-0.0340819715,0.022540349279236253
-0.5044765600000001,0.07712151485714962,0.38278778999999996,0.3464912272567119,-0.0510980825,0.024837222345734093
-0.643151475,0.08475698965986687,-0.20845078,0.37650876970844765,-0.070973327,0.02881289660581243
-0.80417424,0.10675843446361724,-0.90875908,0.4450928316056509,-0.09521720550000001,0.034565086788838906
-0.9627015,0.24484648835715495,-1.5516306499999999,1.0153964319091093,-0.121097285,0.05114303253599308
-1.3709251999999998,0.09284314883399229,-3.14241635,0.4707761825514431,-0.176255835,0.05234035538465684
-1.3913278999999998,0.07966898297102112,-3.23842025,0.4317557107512333,-0.18018096,0.0512185542679826
-1.4497878499999999,0.07134623629566847,-3.468639,0.40982696038675653,-0.1878453,0.05321083746185532
-1.5288525499999999,0.06427297004679015,-3.7419626499999996,0.41032540899471626,-0.19818029999999998,0.0553397682608404
-1.5900231,0.04933712145332724,-3.9261294500000004,0.4297038428311868,-0.20667369000000002,0.05751081388702286
-1.6031518999999999,0.0448829482394634,-4.0002806,0.4227368109364455,-0.21003536,0.057564591410909145
-1.5939279,0.04652157997856542,-3.9688980999999997,0.4202214866369489,-0.209335835,0.05745772431070536
-1.574502,0.04942815144475257,-3.8678604500000002,0.41091157096426795,-0.20551683,0.05671406303002657
-1.5358007,0.0535396345825473,-3.76214075,0.40909959420344155,-0.20030478499999999,0.05543040847975326
-1.4702243,0.056790872414263394,-3.50878915,0.38618558337524356,-0.191159615,0.053576099999454826
-1.3861758499999999,0.06226026458605247,-3.1678533499999997,0.3752272368659179,-0.17859723500000002,0.05003352756663165
-1.31301495,0.06250706628964116,-2.91130665,0.3516039187995604,-0.167330095,0.048294683682225496
-1.25668595,0.09518856338994561,-2.6795876,0.44830763478725344,-0.15863464,0.047037772933897284
-1.17612845,0.06550391192520838,-2.4147149,0.34775623961165086,-0.14887292000000002,0.0440712525847973
-1.13255215,0.06698041145174902,-2.2467653,0.3330534469156312,-0.14274044000000002,0.04233366323739459
-1.0773386999999999,0.06358512249493602,-2.0175141,0.3049417465923886,-0.13420847,0.040122115995847724
-1.0313515999999998,0.06680770099663658,-1.8307282,0.3347316840020978,-0.127103835,0.03851189263513237
-0.95526848,0.07219345664471784,-1.53447425,0.3454392512197777,-0.116465015,0.036862906353320686
-0.90978662,0.07106833118214993,-1.3420668999999998,0.33051919586921386,-0.109103485,0.03492955754449986
-0.847088415,0.07359504562064828,-1.0797748999999999,0.3362281645435818,-0.10061922,0.03364952046214572
-0.75839481,0.0766423760746255,-0.718959535,0.3581954839078502,-0.0886767825,0.03129536248287499
-0.65376056,0.11014133271403301,-0.26582421,0.4942900885162021,-0.0718910975,0.031115718468069584
-0.602814865,0.0744180710489324,-0.053803948500000004,0.3465107473156688,-0.06596229149999999,0.026729072414925708
-0.532511705,0.09448703389620618,0.27810826499999997,0.41415157210486847,-0.054362749,0.025772436579504822
-0.459412125,0.09390349670192055,0.57994767,0.42230068424682515,-0.044577557,0.024284232023423474
-0.43649818,0.11457431576166414,0.711166175,0.519808640738562,-0.040076177000000004,0.02618058670704511
-0.355625535,0.09854792411805494,1.0184731999999999,0.44479130538154266,-0.0295854215,0.023898868811796082
-0.21107336,0.10038669977810574,1.7028005,0.47660972271799995,-0.0095170249,0.021942793243891614
-0.10962894000000001,0.0942864129953705,2.1557178500000003,0.44983337299440046,0.0056892916,0.020007228550582144
-0.028165097,0.07780919407339874,2.5202219,0.36593539409407244,0.0167840225,0.018130931164427006
0.050740797500000004,0.0700450006780854,2.9077852,0.3411055101484688,0.028748659500000003,0.018482624353887044
0.090514648,0.06093047243667484,3.1020208499999997,0.31031911855521116,0.033036132499999996,0.017777017744898215
0.110534435,0.06306198200627379,3.1952021,0.3191191827590864,0.036922527,0.0184768673441951
0.12793547500000002,0.06131901283509076,3.26467215,0.31084449151844723,0.038610156,0.018049362165916003
0.13560009499999998,0.06322965251153123,3.3119497,0.32099311567385896,0.0399806655,0.017938089659054707
0.135570295,0.04988379206711358,3.29819445,0.24124720089983928,0.039874206499999995,0.017149407902441557
0.11578088,0.06630455113018191,3.2336137,0.3037719833375719,0.037789479,0.01843896638352086
0.105138945,0.06068786854850537,3.1699981,0.2835283692504208,0.035677504,0.017869894866457688
0.092034116,0.06852813335652119,3.0982404,0.3163794140209064,0.033810838499999996,0.01781431892762416
0.0673505105,0.06052903885131676,2.9779145,0.2892605384851905,0.030257268,0.01753424164292669
0.061204289999999995,0.0807932953002734,2.9517698,0.363539495272419,0.028539814,0.01858087352429558
0.049061152999999996,0.07423093364886828,2.90355125,0.33625393479601284,0.027216429,0.01797422449842609
0.027107017499999997,0.07136675094848159,2.8152163999999997,0.3167172184154558,0.024774596,0.018037830199893544
0.024576848,0.06673118743106782,2.78982505,0.3003066243438012,0.024064677,0.017773571834303566
0.024615293,0.07616699970367352,2.7995312,0.35598355568261136,0.024066718,0.018401285111632054
0.0248911255,0.07589621922849002,2.806445,0.3638640590750305,0.024986814000000003,0.018809290332402778
0.0391850255,0.07896021606060875,2.8659378,0.3859761908615606,0.026568350499999997,0.019601025782689904
0.055771275499999995,0.07404130655447612,2.93314865,0.34086653006321027,0.0287696865,0.018193154502132852
0.0689369825,0.07587300712699052,3.01046715,0.3543012445046546,0.0313230045,0.019156418721682875
0.11980431999999999,0.07705718829670628,3.22859465,0.352278607604273,0.0382658885,0.018604797729142537
0.194523205,0.08981581709259479,3.6091805,0.42736383354758883,0.0493038,0.020960629515851256
0.433716805,0.2569458702678819,4.7523568,1.3141980728417364,0.08287270199999999,0.04569690978790189
0.836976445,0.10686474247125927,6.844776899999999,0.6600183082102457,0.142013055,0.03869830941901143
0.7174628949999999,0.09092715267642874,6.21954355,0.533607828289034,0.125270355,0.03408067840231684
0.7445520000000001,0.08566205946571775,6.35309,0.5156997057987611,0.126774445,0.03379619724585055
0.8157949449999999,0.0847975359272003,6.7986587,0.4896876967029423,0.139950665,0.037062478287849296
0.929371335,0.07972076821587203,7.3564512,0.5584705816784798,0.156342285,0.03969635138500409
0.99754103,0.06809779724521642,7.7095617999999995,0.4968805199400512,0.165165865,0.04117129602445815
1.0307251,0.07054819195654449,7.838051999999999,0.5347941312310653,0.17053042000000002,0.04190873241368052
1.0500832999999998,0.06391658424825301,7.97820305,0.5308632910272965,0.17238926999999998,0.04278859256615152
1.0209975500000001,0.07554221175673614,7.84705735,0.5673257513328744,0.16644053,0.042319670977506454
0.99430306,0.04575420821433732,7.654609,0.40307942880102543,0.16529845999999998,0.039901867967687424
0.950773215,0.06962849027133196,7.427033099999999,0.5036217133459788,0.15874023999999998,0.03913461469603496
0.87791682,0.07858092720019966,7.07205785,0.5133218289568902,0.148337035,0.037729750659414786
0.818028085,0.09520492245731994,6.7446002,0.528213331108144,0.13881286999999998,0.036118014536607124
0.75256061,0.06207147036449064,6.3932943,0.34156737064723475,0.12967992499999997,0.03270794279672582
0.733301125,0.05274133996674181,6.2652607499999995,0.3123424616299666,0.12716687999999998,0.03201358122221592
0.710964165,0.048045222564819225,6.2079616,0.287457595900954,0.12489583,0.03157945275123097
0.6881816350000001,0.04816015799457286,6.11108945,0.28129398166998454,0.121712725,0.03064505772263219
0.66952668,0.06113348139772958,5.9910271999999996,0.3413801937414951,0.11868015500000001,0.030443191052626075
0.649530025,0.057404299914630474,5.903457449999999,0.3153105085780596,0.11567303500000001,0.029319411433499164
0.629723275,0.06743504041196188,5.773061,0.33699626394232557,0.1132989,0.029648252198751106
0.60300849,0.06005066425150915,5.66874155,0.32525640483540813,0.10913793999999999,0.028621401425026734
0.580258865,0.07698584884108811,5.53459955,0.4035705110755821,0.10534582,0.029059409228016742
0.566930905,0.06478957654766868,5.493176,0.33758944717198547,0.10381956,0.027562503692537273
0.5657725849999999,0.05385176159845618,5.46805785,0.2759674168642097,0.103538225,0.02729936105650222
0.557609845,0.05327376491551908,5.4304498,0.27769823508898267,0.10281298999999999,0.02669619467042629
0.55039243,0.05106837503795654,5.35557265,0.2783727724268227,0.10135203500000001,0.026426749866269417
0.54719223,0.049302539514693676,5.34817355,0.2721879637827104,0.10144926,0.026090834940917504
0.534630965,0.056213911109121,5.2861288,0.3037942763586386,0.098832351,0.026175970964506284
0.533972865,0.05093610667804846,5.2697272,0.2727586654923406,0.098739134,0.026268495259017314
0.537446025,0.04820601735787606,5.3081098,0.26083658468046966,0.099435198,0.026429034543903347
0.537918365,0.055915368527560363,5.30666315,0.30385610549251085,0.0997699985,0.026553575786804062
0.541708045,0.06039198384515629,5.3062653,0.3285057140935845,0.09930030549999999,0.026598938286100316
0.539478495,0.06392000026425049,5.302414049999999,0.3349364261090563,0.0989561805,0.026811893798343436
0.53598201,0.06586798258562655,5.299900900000001,0.34224172718933327,0.10004008,0.026958464728365154
0.537905965,0.08641725753212205,5.33419005,0.4516807890949915,0.100499165,0.02913191732672798
0.56631502,0.07126055388668988,5.4209414,0.3764609961766221,0.10335352,0.02839749883173985
0.574050505,0.06447558524490295,5.4541958,0.33935862913075904,0.104078825,0.028303475270428636
0.576941945,0.053466836078831036,5.51718005,0.3095509286770605,0.105591565,0.02779121736002738
0.568335885,0.05413117103575061,5.4573858,0.3009071239593141,0.1034255,0.02712232443439442
0.559095805,0.060691137712197064,5.393415,0.3371291068102544,0.10201297000000001,0.026926600325223583
0.59887862,0.06605086185832411,5.6415225,0.3642416852000173,0.10883418,0.028835800052411435
0.615806375,0.06318103660365927,5.69699225,0.3542408067929574,0.110359925,0.029726485160054224
0.627675525,0.0684401467890117,5.71296175,0.3776664472258981,0.11107372,0.03008137818732159
0.6381907099999999,0.07897465047634199,5.798806900000001,0.42286188821025295,0.112236695,0.030567410631159555
0.651691685,0.052072185983484634,5.865349350000001,0.3191293174908676,0.11541741,0.02965622972541736
0.64710599,0.05561205050388461,5.8542778,0.3368126092305056,0.11461947,0.029915087559280646
0.639332915,0.05417254035818141,5.8183255,0.3473907949674135,0.113351775,0.029662609297506824
0.6291422449999999,0.06837912007160403,5.75983495,0.4014069188996472,0.112012985,0.02992728985186408
0.629681685,0.057191225985388,5.7322673,0.34435548496621265,0.112121495,0.028961099920195413
0.61940678,0.06527138924284577,5.66657075,0.3747581415490215,0.10963677499999999,0.02871693782365212
0.60845467,0.059710597690526356,5.650643,0.33645407645817177,0.109527755,0.0285996466964502
0.5859590100000001,0.06962047675136213,5.554342500000001,0.38534134910260986,0.105742475,0.02877556643419274
0.573829125,0.06912805546215496,5.48052135,0.3846654747958425,0.102878605,0.028051527952250747
0.60724698,0.057639701393119386,5.6519325,0.33535368957428063,0.10951993,0.028700810128677087
0.61605856,0.05163524134430951,5.67926975,0.2973038263909007,0.110133905,0.028820756529348273
0.62472566,0.06047980371896451,5.7254919,0.34232870104926316,0.11043912,0.029426178965150977
0.6049842249999999,0.060724571340839334,5.60532555,0.31521282650474625,0.10789888,0.028820259150170568
0.5960653300000001,0.05860973170220413,5.59646535,0.32374889590923317,0.10754497,0.02874631974216491
0.5788990249999999,0.056192454134005046,5.52908185,0.29836701410846245,0.105654405,0.02816822516908022
0.58158439,0.05820843002492861,5.52317055,0.3207472106118027,0.106035135,0.02846815095773849
0.565492975,0.07551177047801104,5.45557365,0.38556898809057794,0.10377626000000001,0.028515123982379962
0.57785813,0.0704680970695558,5.4990609,0.37383281475832764,0.10411161499999999,0.02820131294610103
0.580159915,0.07054263013844504,5.5094355,0.3724650614707261,0.104845315,0.02850460822548203
0.570632955,0.07755443206176013,5.44588035,0.41706826457099455,0.10341502,0.02889088881810214
0.53721313,0.06235451041259946,5.27674105,0.33159053719739395,0.0977379355,0.027020653158959417
0.513370745,0.06547713112605577,5.15663825,0.33634321424587604,0.094551435,0.026170115773700348
0.5320809,0.06535276345355445,5.27411665,0.34346238248934613,0.0987882045,0.026997211554721456
0.539152855,0.060695964169908016,5.2917048,0.32642316399656895,0.0980883055,0.026869869339036737
0.50976366,0.06128065886321581,5.15793335,0.33610291556250027,0.095007378,0.02609214202113431
0.49622514,0.05840906902660961,5.09879435,0.30971300603223056,0.09257359500000001,0.025621400698153156
0.48206883,0.06435173818504175,4.9897104500000005,0.33544529164175235,0.090871281,0.025659023466651616
0.44649305,0.06902764694406895,4.84894095,0.34562053220616046,0.08576322850000001,0.02478632136957079
0.41929485,0.06641643958516792,4.71755025,0.33669547969666197,0.0818360165,0.024378331731244103
0.39811781999999996,0.0672827181222035,4.5938301,0.3478094545386468,0.078136559,0.023457276336968574
0.37613713,0.06522204308153369,4.479879,0.32239707417028635,0.07509122300000001,0.022799043380759443
0.33486314500000003,0.062344799150084416,4.2869095,0.31183263565515423,0.0696929425,0.021586525898122617
0.310939995,0.06444353100890755,4.17212295,0.32686847980084,0.06596020799999999,0.020864401873588498
0.271921435,0.06604335529544213,3.97084435,0.3307404589179743,0.059854632,0.020271308141226133
0.23380744,0.056234795738837336,3.80729665,0.2751746742191047,0.0541760945,0.019857377318358342
0.23079577499999998,0.052829430898977396,3.78611655,0.2628517529192423,0.054937951,0.019509867214542446
0.20621792,0.06811656882847783,3.6615668,0.320371738124471,0.0511781515,0.019977528773249622
0.17255413,0.06742628058384081,3.47924085,0.32615248458637464,0.0461319185,0.01949164447840916
0.148798515,0.0795441242464022,3.37441325,0.385396424172958,0.04212259,0.019570279452669304
0.12908538,0.06806346118201159,3.26703205,0.3376452423992511,0.038868955999999996,0.018539212347031864
0.09637351250000001,0.0715021760304094,3.09899005,0.36519130692395474,0.033394275,0.01912722347598272
0.07234656049999999,0.07593660644813895,2.9813343999999997,0.3831304092397283,0.0298042255,0.01896976575446151
0.031247463000000003,0.07974975151257632,2.8224555000000002,0.39553415907041717,0.0268661975,0.0199834436392698
0.00485789855,0.08537533501921767,2.69924725,0.41198753432696916,0.0226627515,0.020461543985423374
-0.0034452512499999997,0.055753940411296894,2.6549561500000003,0.26686320439696887,0.020268781,0.017533231171166917
-0.019039864,0.052676573600386946,2.5693894,0.2547810764904418,0.017674767,0.01746538218288534
-0.028171677,0.05902515422949031,2.5173862,0.2694755403714664,0.0166053965,0.017596658156754003
-0.0306285705,0.05650065897950024,2.5248006,0.2584325684280685,0.0154468865,0.01667680683220164
-0.02491832,0.051757682459291805,2.5532091,0.25532383344883325,0.016452339,0.016251199867017507
-0.0226663145,0.04595845069767232,2.5615007,0.2442535341390109,0.017410711,0.016174596549404674
-0.008970949700000001,0.05225552392161943,2.6256095,0.2708872071933473,0.0185552555,0.017091081739926985
0.00751627435,0.07133776114634177,2.6921605,0.36172559929203485,0.0220588395,0.018953081255080936
0.0126447065,0.05998558058120417,2.7213545000000003,0.3073233441179447,0.0233774845,0.017948483161651332
0.012064352,0.06646555404482068,2.7135821,0.3351594640593734,0.023365,0.018826664268840474
-6.992292399999999e-5,0.05776765713498838,2.66041995,0.28296292524668676,0.022074073,0.017455142706273918
-0.0011785407,0.051437541362662174,2.644906,0.2714238944754951,0.020778500499999998,0.01752889383402305
-0.00602877085,0.04945621552764167,2.62071225,0.26588022511006815,0.020551306,0.017582101915032535
-0.023471162,0.04518893348317803,2.5498577,0.2267840017392444,0.016941791999999997,0.016563390922632697
-0.035438331000000003,0.04800494068316929,2.5052402000000003,0.22916549279750076,0.0158325315,0.01649676257784432
-0.049212889999999995,0.04541427169169532,2.4465899,0.21989048245411097,0.014028047500000002,0.01590195396275686
-0.054972252,0.04877296703035334,2.39055775,0.2320617975719008,0.012418232000000001,0.016501460411838267
-0.070668165,0.04915624716871538,2.33378315,0.23269972365872008,0.010625633999999998,0.016048923319988473
-0.0805906705,0.05105225795968114,2.2981879,0.24138693408996034,0.0093660341,0.016274861604950012
-0.081325497,0.048158470801867144,2.2677538999999998,0.224983128584826,0.00929277375,0.016407772549362255
-0.103040625,0.05956478032081834,2.1926154999999996,0.27254260612976156,0.00634335875,0.017284928913552267
-0.10528436,0.05855442898452034,2.1609053,0.28046564495925885,0.005764464,0.017483187243537524
-0.10619593,0.055098713714030086,2.16224215,0.27722705832173844,0.004855907,0.01764590241456749
-0.11026894500000001,0.050569898745701274,2.1332599500000002,0.2611344045130286,0.00428337375,0.016720495087492956
-0.11190251,0.08102611427658735,2.121883,0.39795964875039563,0.0045046239,0.020184798464786234
-0.121841185,0.050757887146915474,2.09958105,0.2492572200060138,0.003433101,0.01699837404014451
-0.12967755,0.04991498220552571,2.0706012,0.23519675527716793,0.00240332555,0.016533003040142057
-0.117678355,0.04595305511588548,2.1173275499999997,0.2207567898188035,0.0039596299,0.015948065150135724
-0.1194052,0.04896141914663791,2.11088775,0.2403442225923577,0.00334652055,0.016348140178861097
-0.11930774499999999,0.04601310893635617,2.1070184000000003,0.22262141544876818,0.00307620325,0.016116587482067016
-0.13372125,0.043997207903878496,2.0506866,0.2015197951055659,0.0016896750999999999,0.016308872578032974
-0.13302646499999998,0.041213716928741165,2.0631962,0.19690608984112684,0.00191150255,0.016141728006306245
-0.127472005,0.05880212183051386,2.08889335,0.276955248433631,0.00323306315,0.016429566753269037
-0.132581735,0.08682044570079801,2.0855597,0.38869180939792797,0.00395162105,0.01874366262493754
-0.13137366,0.0450400061287744,2.06626655,0.20601140487587172,0.00302058795,0.01615300851775738
-0.13290757,0.0480171565363601,2.0456469000000004,0.22215310534056135,0.0024049968,0.01677165085761104
-0.13547637499999998,0.041793664275809154,2.0581927999999996,0.19739767034903605,0.00191664745,0.01569946179755193
-0.126804265,0.0624687180224143,2.0802017,0.3029605819628616,0.0023674211000000002,0.01732197668045057
-0.12295713,0.050968529091169786,2.0990915,0.26127282988024453,0.0036056384,0.016907426847167357
-0.11826408999999999,0.04762387171564687,2.1159726,0.2532646764080803,0.004364029,0.01655319875558643
-0.11495537,0.045116238739509616,2.13839415,0.22591588552498731,0.0052080519,0.016445200970541685
-0.116789125,0.048284672431411144,2.1511298,0.2223826934999325,0.0049086358,0.016286414471225374
-0.104733765,0.05512318251136213,2.1867509500000004,0.24625297422436496,0.00724013575,0.016331612773031322
-0.11361481000000001,0.0508917230954503,2.1384276,0.24675769866122585,0.00436669085,0.016850893087545407
-0.107894035,0.04589307454929588,2.1611238999999998,0.22794568774155533,0.0046203808,0.01636005067744089
-0.10559359500000001,0.05123744736012019,2.175888,0.2575433805809894,0.0049479233000000004,0.01661691589677018
-0.100331015,0.05921150110345155,2.2047394000000002,0.2695830977410127,0.0068301737,0.016788951793829016
-0.0907048865,0.04440002000932655,2.2429629,0.20477430632577068,0.007465761600000001,0.01601391905523247
-0.0892507625,0.055791010084073334,2.25225705,0.24776797570531112,0.009164873149999999,0.01675952448778394
-0.07657059299999999,0.05790367326337607,2.31635525,0.249915362911105,0.010539349,0.01683164097424285
-0.0716279775,0.04272425073965011,2.3214188499999997,0.18918605559581297,0.010141916,0.01577971634453964
-0.061148324500000004,0.040807962392690876,2.37741845,0.185132293983183,0.012299559,0.0157486724098609
-0.0634994135,0.043337934888222546,2.3678633,0.1947458796425807,0.012065495499999999,0.015763342621552656
-0.067739098,0.043483873197435,2.36106945,0.21972440020947936,0.0118767405,0.01582871933744478
-0.066805156,0.04690376639372281,2.3663081000000004,0.22359142109978336,0.012012253,0.01589510821591773
-0.069869515,0.04914071280318738,2.3486222999999997,0.22558885723141253,0.011369121999999999,0.01650513006950827
-0.086420387,0.04353862638197068,2.26544385,0.20212033240736813,0.0087347469,0.015822401424047436
-0.093755521,0.049889261880138445,2.2159707500000003,0.22079430367354488,0.0075955228,0.015798749605114813
-0.101045175,0.054279172006033,2.18488075,0.25187723988418187,0.0066225642,0.016228593302714582
-0.0999605655,0.102559384443695,2.1814477500000002,0.4713809310226102,0.0055397017,0.019471255023677324
-0.0977953415,0.05465742824044661,2.19471275,0.24292795811538737,0.005879313650000001,0.015900406519541704
-0.09956663,0.04897363284188603,2.19155315,0.22876557914723458,0.0066004832999999995,0.016054587668716997
-0.10089883,0.047419147735526385,2.1977786,0.21092021645892178,0.00663462245,0.01599346683365469
-0.096873618,0.043798461220311134,2.2116055,0.2148706819173302,0.006806458,0.016539142365883625
-0.0937598285,0.04669354247098914,2.2257142,0.25780883870000293,0.00753418785,0.016301706258203496
-0.09060682349999999,0.04848432808653206,2.24015305,0.2639519880003361,0.0083377893,0.017177540646383674
-0.0897946945,0.04513049422770037,2.24155105,0.24283426507018258,0.00813925535,0.016466178956961924
-0.08662671,0.04499927452739603,2.2494389999999997,0.22193885845179387,0.008368365150000001,0.015929815388384814
-0.0819281275,0.04781388950792319,2.27014125,0.23784849904876937,0.009047363950000002,0.016231039526701338
-0.075256094,0.040551000010741044,2.3143739500000002,0.21562838203596815,0.010077209,0.01593115520689444
-0.078767873,0.039777877326878264,2.2890947,0.20832572400995414,0.00943115265,0.01595606964950693
-0.08587108,0.04699915810699695,2.2898517,0.21949860951731687,0.008728697300000001,0.016123866673457072
-0.0984024375,0.05648748146366718,2.19870655,0.25201343042917457,0.00666823045,0.016519890042177323
-0.0815797615,0.05040296769106807,2.2736471,0.22876153968689064,0.0086484287,0.015980618857573743
-0.082043433,0.04723181171813287,2.28663825,0.21818653508726418,0.009761815350000001,0.015843067980109704
-0.089208287,0.03953484446197382,2.2520455,0.1988546421899027,0.00833911305,0.01553890280680638
-0.0839929765,0.0398240445289215,2.28598365,0.20040471858204914,0.0094894339,0.015719369631359822
-0.08678632350000001,0.04117129799829806,2.26485755,0.20707711243295335,0.00857774985,0.015527849868547747
-0.0872526545,0.03860828113957347,2.2593267499999996,0.19608213630013988,0.008072090099999998,0.016236521379201754
-0.09268879799999999,0.04446399885184095,2.2271794500000004,0.22582626621749233,0.006927818299999999,0.016377927760997234
-0.09602989549999999,0.04307887667575145,2.20137775,0.19814833244513236,0.00611475125,0.016214741296853224
-0.094526343,0.03760319884560956,2.2213505500000004,0.19097097504355898,0.00643464415,0.015943705856795692
-0.0869375745,0.04339664937541751,2.24904465,0.22778566245593318,0.0078307681,0.016294604961787997
-0.0910409635,0.03723289447391844,2.23184455,0.19180651108253868,0.0077079116,0.015934891516602722
-0.086350813,0.049318723124551773,2.2429154000000002,0.22279108666158262,0.00851700425,0.015942497523725282
-0.095884627,0.06191047633670276,2.1989530000000004,0.28367580254283364,0.0073730999,0.01701347838986745
-0.11565431000000001,0.04767221473775627,2.1303514999999997,0.23486783208251036,0.0040374337,0.016031213102591833
-0.12324293,0.04406314534906422,2.0755758999999996,0.2131758775804927,0.00280137455,0.01603131392733193
-0.12901935,0.04125695273121931,2.0723158,0.19873657526204055,0.0021922748,0.015912749437132653
-0.13330208999999998,0.04207871603059023,2.0634020499999997,0.202400886380443,0.00220904735,0.015922667968600587
-0.136433735,0.03747281992001138,2.0264801500000003,0.1755351099043586,0.0012750646,0.015952475943546224
-0.13120375,0.047439360066415505,2.0764039,0.2313465002640998,0.0029302640999999997,0.015985075546568837
-0.14354586,0.052167460371647635,1.9952812,0.23620956298587328,6.3679531e-4,0.01670742055604256
-0.14368027,0.046082371563829216,1.9999438999999999,0.22108393176968286,2.51226495e-4,0.016363239504558858
-0.139242095,0.05396807688233822,2.00940865,0.2432133123546878,8.4800491e-4,0.01665753292130064
-0.133922295,0.036687212850606804,2.0374302999999996,0.16595624476828755,0.0015865900000000001,0.01557945513816654
-0.123325825,0.04054754509030749,2.0874806,0.19101563360321525,0.00336325515,0.015815876598072764
-0.12795980499999998,0.042155896405253815,2.0631105,0.20293760122109009,0.00272528435,0.016172634037691445
-0.123916945,0.045059692129828854,2.0974739500000004,0.21820690325044445,0.00344326375,0.01619499440711534
-0.128303445,0.04046635135105218,2.0794264499999997,0.1895532100840906,0.0028361703,0.016314708885107398
-0.130581075,0.04274815957234911,2.0713346,0.2003723384692734,0.00294815245,0.016134640386652827
-0.12899774,0.0417616448445027,2.0635978,0.19174964401807437,0.00214211525,0.01566881207879655
-0.125880255,0.044972764208358045,2.0778375000000002,0.20108265154544985,0.0027580064500000003,0.015593763997768672
-0.11972558,0.04073557015242849,2.1045502999999997,0.1977336594968176,0.00320685555,0.015818313348017185
-0.117434045,0.0443816724231285,2.1153259,0.2225101094309558,0.0032914568999999998,0.016131419908135713
-0.11671063500000001,0.04192220409614294,2.1248004,0.21313379859758258,0.0045187028,0.016047546829420684
-0.12071812500000001,0.04698660724500891,2.1230584500000003,0.23354942504950119,0.00446205965,0.016147651466619582
-0.110740005,0.051586125249817594,2.14621885,0.2696031916426558,0.00433636225,0.017164418600052637
-0.110114005,0.03969398644832548,2.1387635,0.20129848189300997,0.00509005545,0.016274175942194415
-0.10803776500000001,0.04206584698055774,2.13631835,0.20188199299706514,0.0048538203000000005,0.01646513870353275
-0.117179315,0.0415345431966532,2.1193314,0.19010995970943914,0.00350235815,0.016497008402740897
-0.12432364500000001,0.037752380307013104,2.08176145,0.16806497147909302,0.0027477659499999998,0.015839859134481677
-0.12647856,0.04088398735123251,2.08631505,0.18747110684294177,0.0032284396499999996,0.016218246727778322
-0.11993293499999999,0.03978252259864068,2.10621195,0.19184043463862416,0.0035022389000000003,0.01618717566026251
-0.12471454500000001,0.04118470527024886,2.0928236,0.20678104389171165,0.00276569655,0.016199575955534274
-0.12163744,0.041958599879202335,2.0944510000000003,0.2059209204819673,0.00273876105,0.016023498341758726
-0.10741452,0.055974194434139396,2.19164315,0.24606222856563406,0.00656749555,0.016680623443467157
-0.0976729985,0.05221896863444636,2.22252805,0.23308681489723782,0.008056035449999999,0.016774941039740695
-0.09297974349999999,0.046200486746485955,2.22772895,0.21248334603021346,0.008427360200000001,0.0165768968231493
-0.094487718,0.045200794981645066,2.23866585,0.2021484170810001,0.00817312745,0.016087888691856622
-0.09856282899999999,0.05382392316161122,2.22339325,0.24989778536096974,0.00759992735,0.01683774501538341
-0.109348765,0.04386274266423447,2.1671264,0.21338674057674112,0.005369225300000001,0.015890646418055647
-0.11870841,0.044126040305575945,2.1238152,0.20929748768604772,0.004105634800000001,0.01597791100209415
-0.12930249500000002,0.04549647287627023,2.0588275,0.19409687342415816,0.00242448125,0.016363433794551255
-0.14526626999999998,0.06594813924083616,1.99499505,0.28398206353766914,-1.3442421e-4,0.017655701919906366
-0.150287795,0.05100423149874018,1.96893345,0.23144999213936068,-0.0011971009,0.016895542722568282
-0.15559355,0.0522485783463285,1.93830225,0.23173795839020161,-0.0019928462,0.017375780453375244
-0.164766185,0.04274442201667065,1.8798328,0.21718150755511334,-0.0031997922,0.017160886808984293
-0.17853302999999998,0.04645467681107304,1.8119066,0.21761974524025507,-0.0059153309500000004,0.016646507371311108
-0.19772331,0.04139297585589322,1.7566699,0.19929155147049354,-0.00754635955,0.016312741093354427
-0.19533157,0.04165203603823996,1.74034825,0.20069930397553856,-0.00746807415,0.0167556642903613
-0.200981775,0.04304018380673944,1.7486191,0.20283972517051863,-0.0073171186,0.016731621354925442
-0.20653686500000001,0.030907132678464837,1.71931995,0.1492142487834922,-0.00874808545,0.016130567728728205
-0.206612985,0.027993992217767202,1.7183435500000002,0.1326802968693416,-0.00891204575,0.01584943454694414
-0.20986662,0.02695775277212333,1.70298735,0.12966109629494194,-0.0092921845,0.015999247243457408
-0.20806923,0.029924847439514245,1.7081616,0.14060671908756842,-0.00869685065,0.015908154672208616
-0.198090105,0.02400635688798598,1.7347979,0.13719370686228932,-0.008007799150000001,0.01615049012128604
-0.20528764500000002,0.026546128938545122,1.7181882000000002,0.13485711496539649,-0.00901618345,0.015737906668337714
-0.20007486000000002,0.024385758029078542,1.7377267,0.1440464100624015,-0.00844313835,0.01598438237582997
-0.20682943,0.025879092214623565,1.7117168500000002,0.12449838458802129,-0.009069958650000001,0.015719352739262348
-0.20499499,0.02574630760654463,1.73008955,0.1328105399662264,-0.00865913025,0.015942685347323175
-0.20503996,0.025237420339086044,1.7156447,0.13284432458561332,-0.009416525700000001,0.015800694160470932
-0.20897938500000002,0.02840588591090725,1.69729165,0.13920980923863371,-0.0102430165,0.016027357704410446
-0.212358965,0.02486543118196417,1.68818615,0.13660646813058594,-0.010115507,0.016047869699346386
-0.212559135,0.02346980153292075,1.68735545,0.12802492899992315,-0.00994489895,0.01600119583044596
-0.21586915499999998,0.028387267111438314,1.6478201499999998,0.1296697066460267,-0.010758187499999999,0.016034639640998747
-0.21443814,0.025801194649682092,1.668653,0.12038967860842452,-0.010046481999999999,0.015960372290298053
-0.22338614499999998,0.022548284795740257,1.639058,0.12555165643538155,-0.011089516,0.016160673733983215
-0.22762196,0.023779651365249132,1.6181187499999998,0.12886353539521384,-0.011954406,0.0160780018325136
-0.2368269,0.024483332009347707,1.5809834,0.12813221082963724,-0.012971429,0.016367640393057777
-0.23744031999999998,0.028597289941870437,1.5775375,0.1362707195172617,-0.013387736,0.016363537409543976
-0.240830505,0.025497634358426016,1.5573702,0.12407117761870325,-0.014062951,0.01639532393791627
-0.25036026499999997,0.027446420412129698,1.51109335,0.12631424339019032,-0.015287635,0.01644082064950213
-0.259281015,0.026187341429796045,1.4694123000000001,0.11937800425551875,-0.016756162,0.016712671322412102
-0.2647698,0.02503917953125402,1.45452565,0.11916646353578846,-0.017416919500000003,0.016838074742817753
-0.27009402,0.024247488118511244,1.4174635,0.13641346791528028,-0.018554002,0.016676863955034024
-0.275083545,0.02561654502147074,1.3945984,0.13445152638445793,-0.019046047,0.017373229789574448
-0.281479235,0.02826795187519895,1.3724871,0.1400407951432568,-0.019308654,0.017251660298155082
-0.28795689999999996,0.050229666429866066,1.35268805,0.2433948961945633,-0.019375613,0.01870116893894908
